code,company_name
7203,トヨタ自動車(株)
8306,(株)三菱ＵＦＪフィナンシャル・グループ
6501,(株)日立製作所
9984,ソフトバンクグループ(株)
6758,ソニーグループ(株)
8316,(株)三井住友フィナンシャルグループ
8035,東京エレクトロン(株)
9983,(株)ファーストリテイリング
6857,(株)アドバンテスト
8411,(株)みずほフィナンシャルグループ
8058,三菱商事(株)
8001,伊藤忠商事(株)
7011,三菱重工業(株)
4519,中外製薬(株)
8031,三井物産(株)
9432,ＮＴＴ(株)
6861,(株)キーエンス
7974,任天堂(株)
6098,(株)リクルートホールディングス
2914,ＪＴ
9433,ＫＤＤＩ(株)
8766,東京海上ホールディングス(株)
4063,信越化学工業(株)
6503,三菱電機(株)
9434,ソフトバンク(株)
285A,キオクシアホールディングス(株)
7182,(株)ゆうちょ銀行
7741,ＨＯＹＡ(株)
6702,富士通(株)
8002,丸紅(株)
7267,ホンダ
4502,武田薬品工業(株)
6701,ＮＥＣ
8053,住友商事(株)
6146,(株)ディスコ
6201,(株)豊田自動織機
6954,ファナック(株)
6981,(株)村田製作所
8267,イオン(株)
6902,(株)デンソー
7751,キヤノン(株)
8015,豊田通商(株)
4568,第一三共(株)
8725,ＭＳ＆ＡＤインシュアランスグループホールディングス(株)
3382,(株)セブン＆アイ・ホールディングス
6367,ダイキン工業(株)
8591,オリックス(株)
6752,パナソニック　ホールディングス(株)
5803,(株)フジクラ
6178,日本郵政(株)
5802,住友電気工業(株)
6301,コマツ
4578,大塚ホールディングス(株)
4661,(株)オリエンタルランド
8630,ＳＯＭＰＯホールディングス(株)
5108,(株)ブリヂストン
8801,三井不動産(株)
8750,第一生命ホールディングス(株)
8802,三菱地所(株)
9020,東日本旅客鉄道(株)
9022,東海旅客鉄道(株)
6723,ルネサスエレクトロニクス(株)
8604,野村ホールディングス(株)
7269,スズキ(株)
8308,(株)りそなホールディングス
1605,(株)ＩＮＰＥＸ
4503,アステラス製薬(株)
6273,ＳＭＣ(株)
4901,富士フイルムホールディングス(株)
8830,住友不動産(株)
7013,(株)ＩＨＩ
6762,ＴＤＫ(株)
3659,(株)ネクソン
5401,日本製鉄(株)
2802,味の素(株)
8309,三井住友トラストグループ(株)
1925,大和ハウス工業(株)
6971,京セラ(株)
4307,(株)野村総合研究所
6920,レーザーテック(株)
1812,鹿島
5020,ＥＮＥＯＳホールディングス(株)
4543,テルモ(株)
9766,コナミグループ(株)
7532,(株)パン・パシフィック・インターナショナルホールディングス
7936,(株)アシックス
4452,花王(株)
4507,塩野義製薬(株)
4689,ＬＩＮＥヤフー(株)
9503,関西電力(株)
6594,ニデック(株)
9735,セコム(株)
6326,(株)クボタ
7832,(株)バンダイナムコホールディングス
1801,大成建設(株)
2502,アサヒグループホールディングス(株)
1802,(株)大林組
9531,東京ガス(株)
5713,住友金属鉱山(株)
6988,日東電工(株)
7270,(株)ＳＵＢＡＲＵ
4612,日本ペイントホールディングス(株)
5016,ＪＸ金属(株)
1928,積水ハウス(株)
8601,(株)大和証券グループ本社
8473,ＳＢＩホールディングス(株)
4684,(株)オービック
9532,大阪ガス(株)
2503,キリンホールディングス(株)
4062,イビデン(株)
6361,荏原
7012,川崎重工業(株)
9101,日本郵船(株)
7259,(株)アイシン
7733,オリンパス(株)
6383,(株)ダイフク
4755,楽天グループ(株)
3407,旭化成(株)
8795,(株)Ｔ＆Ｄホールディングス
4091,日本酸素ホールディングス(株)
8593,三菱ＨＣキャピタル(株)
9697,(株)カプコン
1803,清水建設(株)
9435,(株)光通信
7735,(株)ＳＣＲＥＥＮホールディングス
8697,(株)日本取引所グループ
7202,いすゞ自動車(株)
9719,ＳＣＳＫ(株)
8113,ユニ・チャーム(株)
7181,(株)かんぽ生命保険
3402,東レ(株)
7453,(株)良品計画
9502,中部電力(株)
9104,(株)商船三井
6504,富士電機(株)
8303,(株)ＳＢＩ新生銀行
5019,出光興産(株)
8331,(株)千葉銀行
9843,(株)ニトリホールディングス
7186,(株)横浜フィナンシャルグループ
2587,サントリー食品インターナショナル(株)
1944,(株)きんでん
7309,(株)シマノ
6525,(株)ＫＯＫＵＳＡＩ　ＥＬＥＣＴＲＩＣ
4004,(株)レゾナック・ホールディングス
9202,ＡＮＡホールディングス(株)
7912,大日本印刷(株)
4188,三菱ケミカルグループ(株)
9021,西日本旅客鉄道(株)
5831,(株)しずおかフィナンシャルグループ
7201,日産自動車(株)
9602,東宝(株)
2801,キッコーマン(株)
6841,横河電機(株)
7911,ＴＯＰＰＡＮホールディングス(株)
4716,日本オラクル(株)
9107,川崎汽船(株)
5334,日本特殊陶業(株)
6479,ミネベアミツミ(株)
7550,(株)ゼンショーホールディングス
4151,協和キリン(株)
3003,ヒューリック(株)
5411,ＪＦＥホールディングス(株)
2413,エムスリー(株)
9024,(株)西武ホールディングス
6586,(株)マキタ
6506,(株)安川電機
4523,エーザイ(株)
9201,日本航空(株)
7701,(株)島津製作所
8951,日本ビルファンド投資法人
5706,三井金属(株)
8136,(株)サンリオ
2875,東洋水産(株)
4768,(株)大塚商会
5201,ＡＧＣ(株)
7272,ヤマハ発動機(株)
4204,積水化学工業(株)
5838,楽天銀行(株)
2768,双日(株)
3391,(株)ツルハホールディングス
1942,(株)関電工
4528,小野薬品工業(株)
3064,(株)ＭｏｎｏｔａＲＯ
5844,(株)京都フィナンシャルグループ
3626,ＴＩＳ(株)
9005,東急(株)
5333,日本ガイシ(株)
3092,(株)ＺＯＺＯ
8729,ソニーフィナンシャルグループ(株)
6963,ローム(株)
6305,日立建機(株)
3038,(株)神戸物産
9042,阪急阪神ホールディングス(株)
3288,(株)オープンハウスグループ
4911,(株)資生堂
9501,東京電力ホールディングス(株)
1878,大東建託(株)
7167,(株)めぶきフィナンシャルグループ
8354,(株)ふくおかフィナンシャルグループ
8439,東京センチュリー(株)
3088,(株)マツキヨココカラ＆カンパニー
2269,明治ホールディングス(株)
3289,東急不動産ホールディングス(株)
9401,(株)ＴＢＳホールディングス
3563,(株)ＦＯＯＤ　＆　ＬＩＦＥ　ＣＯＭＰＡＮＩＥＳ
5101,横浜ゴム(株)
1911,住友林業(株)
9684,(株)スクウェア・エニックス・ホールディングス
9404,日本テレビホールディングス(株)
9023,東京地下鉄(株)
9143,ＳＧホールディングス(株)
6869,シスメックス(株)
3099,(株)三越伊勢丹ホールディングス
6269,三井海洋開発(株)
6532,(株)ベイカレント
3231,野村不動産ホールディングス(株)
1808,(株)長谷工コーポレーション
8359,(株)八十二長野銀行
4506,住友ファーマ(株)
3861,王子ホールディングス(株)
4676,(株)フジ・メディア・ホールディングス
2897,日清食品ホールディングス(株)
5406,(株)神戸製鋼所
4183,三井化学(株)
2702,日本マクドナルドホールディングス(株)
5801,古河電気工業(株)
8952,ジャパンリアルエステイト投資法人
5929,三和ホールディングス(株)
4704,トレンドマイクロ(株)
8953,日本都市ファンド投資法人
5830,(株)いよぎんホールディングス
5332,ＴＯＴＯ(株)
2267,(株)ヤクルト本社
6370,栗田工業(株)
9147,ＮＩＰＰＯＮ　ＥＸＰＲＥＳＳホールディングス(株)
4186,東京応化工業(株)
2327,日鉄ソリューションズ(株)
4042,東ソー(株)
4732,(株)ユー・エス・エス
9508,九州電力(株)
4324,(株)電通グループ
6448,ブラザー工業(株)
6645,オムロン(株)
8572,アコム(株)
4005,住友化学(株)
8227,(株)しまむら
3462,野村不動産マスターファンド投資法人
7752,(株)リコー
8253,(株)クレディセゾン
3283,日本プロロジスリート投資法人
6856,(株)堀場製作所
2212,山崎製パン(株)
8804,東京建物(株)
9064,ヤマトホールディングス(株)
3197,(株)すかいらーくホールディングス
5021,コスモエネルギーホールディングス(株)
8060,キヤノンマーケティングジャパン(株)
8334,(株)群馬銀行
7261,マツダ(株)
6724,セイコーエプソン(株)
6845,アズビル(株)
4751,(株)サイバーエージェント
7276,(株)小糸製作所
6465,ホシザキ(株)
6368,オルガノ(株)
4403,日油(株)
4021,日産化学(株)
7747,朝日インテック(株)
7649,スギホールディングス(株)
9962,(株)ミスミグループ本社
5444,大和工業(株)
3291,飯田グループホールディングス(株)
3769,ＧＭＯペイメントゲートウェイ(株)
2282,日本ハム(株)
3281,ＧＬＰ投資法人
8972,KDX不動産投資法人
2501,サッポロホールディングス(株)
5110,住友ゴム工業(株)
7003,(株)三井Ｅ＆Ｓ
5631,(株)日本製鋼所
9009,京成電鉄(株)
1721,コムシスホールディングス(株)
5105,ＴＯＹＯ　ＴＩＲＥ(株)
4182,三菱ガス化学(株)
8341,(株)七十七銀行
6113,(株)アマダ
1969,高砂熱学工業(株)
7731,(株)ニコン
9412,(株)スカパーＪＳＡＴホールディングス
8377,(株)ほくほくフィナンシャルグループ
2181,パーソルホールディングス(株)
6417,(株)ＳＡＮＫＹＯ
5076,インフロニア・ホールディングス(株)
2331,ＡＬＳＯＫ(株)
4527,ロート製薬(株)
2809,キユーピー(株)
9007,小田急電鉄(株)
3086,Ｊ．フロント　リテイリング(株)
8984,大和ハウスリート投資法人
6323,ローツェ(株)
9041,近鉄グループホールディングス(株)
9142,九州旅客鉄道(株)
7459,(株)メディパルホールディングス
5991,ニッパツ
2670,(株)エービーシー・マート
6806,ヒロセ電機(株)
5344,(株)ＭＡＲＵＷＡ
8233,(株)高島屋
9513,Ｊ－ＰＯＷＥＲ
3635,(株)コーエーテクモホールディングス
5901,東洋製罐グループホールディングス(株)
3110,日東紡
4626,太陽ホールディングス(株)
1959,(株)クラフティア
6473,(株)ジェイテクト
5214,日本電気硝子(株)
4733,(株)オービックビジネスコンサルタント
2002,(株)日清製粉グループ本社
5711,三菱マテリアル(株)
2579,コカ・コーラ　ボトラーズジャパンホールディングス(株)
6302,住友重機械工業(株)
8954,オリックス不動産投資法人
9364,(株)上組
8960,ユナイテッド・アーバン投資法人
5947,リンナイ(株)
4816,東映アニメーション(株)
9506,東北電力(株)
5714,ＤＯＷＡホールディングス(株)
7951,ヤマハ(株)
8418,(株)山口フィナンシャルグループ
1951,エクシオグループ(株)
8252,(株)丸井グループ
4536,参天製薬(株)
3349,(株)コスモス薬品
7729,(株)東京精密
7211,三菱自動車(株)
3436,(株)ＳＵＭＣＯ
6965,浜松ホトニクス(株)
6471,日本精工(株)
3350,(株)メタプラネット
9001,東武鉄道(株)
7282,豊田合成(株)
4088,エア・ウォーター(株)
4385,(株)メルカリ
7564,(株)ワークマン
5393,ニチアス(株)
7180,(株)九州フィナンシャルグループ
9831,(株)ヤマダホールディングス
6460,セガサミーホールディングス(株)
7189,(株)西日本フィナンシャルホールディングス
5938,(株)ＬＩＸＩＬ
8056,ＢＩＰＲＯＧＹ(株)
1963,日揮ホールディングス(株)
9533,東邦ガス(株)
7337,(株)ひろぎんホールディングス
6481,ＴＨＫ(株)
3405,(株)クラレ
9301,三菱倉庫(株)
7240,ＮＯＫ(株)
9989,(株)サンドラッグ
5832,(株)ちゅうぎんフィナンシャルグループ
5233,太平洋セメント(株)
4812,(株)電通総研
9065,山九(株)
4203,住友ベークライト(株)
8963,インヴィンシブル投資法人
7327,(株)第四北越フィナンシャルグループ
7988,(株)ニフコ
2871,(株)ニチレイ
3116,トヨタ紡織(株)
4980,デクセリアルズ(株)
3269,アドバンス・レジデンス投資法人
2784,アルフレッサ　ホールディングス(株)
1662,石油資源開発(株)
9468,(株)ＫＡＤＯＫＡＷＡ
4530,久光製薬(株)
1893,五洋建設(株)
4912,ライオン(株)
3774,(株)インターネットイニシアティブ
6268,ナブテスコ(株)
9008,京王電鉄(株)
3132,マクニカホールディングス(株)
6923,スタンレー電気(株)
9072,ニッコンホールディングス(株)
2433,(株)博報堂ＤＹホールディングス
4401,(株)ＡＤＥＫＡ
6753,シャープ(株)
9076,セイノーホールディングス(株)
9987,(株)スズケン
4613,関西ペイント(株)
5741,(株)ＵＡＣＪ
6406,フジテック(株)
8012,長瀬産業(株)
1860,戸田建設(株)
6976,太陽誘電(株)
2371,(株)カカクコム
9706,日本空港ビルデング(株)
5471,大同特殊鋼(株)
9449,ＧＭＯインターネットグループ(株)
7164,全国保証(株)
8366,(株)滋賀銀行
9006,京浜急行電鉄(株)
4967,小林製薬(株)
8985,ジャパン・ホテル・リート投資法人
8088,岩谷産業(株)
8955,日本プライムリアルティ投資法人
9336,大栄環境(株)
4205,日本ゼオン(株)
9605,東映(株)
3549,(株)クスリのアオキホールディングス
4681,リゾートトラスト(株)
2229,カルビー(株)
6770,アルプスアルパイン(株)
8425,みずほリース(株)
6526,(株)ソシオネクスト
7984,コクヨ(株)
6005,三浦工業(株)
6728,(株)アルバック
8424,芙蓉総合リース(株)
3309,積水ハウス・リート投資法人
3249,産業ファンド投資法人
1332,(株)ニッスイ
5463,丸一鋼管(株)
6134,(株)ＦＵＪＩ
6141,ＤＭＧ森精機(株)
4202,(株)ダイセル
4666,パーク２４(株)
9504,中国電力(株)
9409,(株)テレビ朝日ホールディングス
141A,(株)トライアルホールディングス
3471,三井不動産ロジスティクスパーク投資法人
7419,(株)ノジマ
1980,ダイダン(株)
6592,マブチモーター(株)
8358,スルガ銀行(株)
3397,(株)トリドールホールディングス
4516,日本新薬(株)
2206,江崎グリコ(株)
6590,芝浦メカトロニクス(株)
6674,(株)ジーエス・ユアサ　コーポレーション
9045,京阪ホールディングス(株)
417A,(株)ブルーゾーンホールディングス
1719,安藤ハザマ
8570,イオンフィナンシャルサービス(株)
8111,(株)ゴールドウイン
2607,不二製油(株)
2264,森永乳業(株)
4631,ＤＩＣ(株)
8368,(株)百五銀行
9069,センコーグループホールディングス(株)
8129,東邦ホールディングス(株)
8410,(株)セブン銀行
5805,ＳＷＣＣ(株)
6871,(株)日本マイクロニクス
4194,ビジョナル(株)
8304,(株)あおぞら銀行
7966,リンテック(株)
3941,レンゴー(株)
1961,三機工業(株)
3226,三井不動産アコモデーションファンド投資法人
1949,住友電設(株)
2296,伊藤ハム米久ホールディングス(株)
8976,大和証券オフィス投資法人
8020,兼松(株)
9044,南海電気鉄道(株)
1417,(株)ミライト・ワン
3279,アクティビア・プロパティーズ投資法人
9048,名古屋鉄道(株)
9418,(株)Ｕ－ＮＥＸＴ　ＨＯＬＤＩＮＧＳ
8524,(株)北洋銀行
4902,コニカミノルタ(株)
6324,(株)ハーモニック・ドライブ・システムズ
4922,(株)コーセーホールディングス
6960,フクダ電子(株)
7762,シチズン時計(株)
3923,(株)ラクス
4114,(株)日本触媒
8174,日本瓦斯(株)
7581,(株)サイゼリヤ
8078,阪和興業(株)
3048,(株)ビックカメラ
2726,(株)パルグループホールディングス
9507,四国電力(株)
4043,(株)トクヤマ
4680,(株)ラウンドワン
2531,宝ホールディングス(株)
3387,(株)クリエイト・レストランツ・ホールディングス
4107,伊勢化学工業(株)
4540,(株)ツムラ
4686,(株)ジャストシステム
6890,(株)フェローテック
6507,シンフォニアテクノロジー(株)
4927,(株)ポーラ・オルビスホールディングス
6951,日本電子(株)
4966,上村工業(株)
7380,(株)十六フィナンシャルグループ
6754,アンリツ(株)
2432,(株)ディー・エヌ・エー
6454,マックス(株)
4118,(株)カネカ
1414,ショーボンドホールディングス(株)
6952,カシオ計算機(株)
6432,(株)竹内製作所
8283,(株)ＰＡＬＴＡＣ
1861,(株)熊谷組
7906,ヨネックス(株)
6849,日本光電
8050,セイコーグループ(株)
2810,ハウス食品グループ本社(株)
5857,ＡＲＥホールディングス(株)
9934,因幡電機産業(株)
429A,テクセンドフォトマスク(株)
7173,(株)東京きらぼしフィナンシャルグループ
2782,(株)セリア
7014,(株)名村造船所
6622,(株)ダイヘン
4046,(株)大阪ソーダ
6544,ジャパンエレベーターサービスホールディングス(株)
6436,アマノ(株)
9436,沖縄セルラー電話(株)
9759,(株)ＮＳＤ
3401,帝人(株)
9303,(株)住友倉庫
4272,日本化薬(株)
6995,(株)東海理化
3292,イオンリート投資法人
4208,ＵＢＥ(株)
8282,(株)ケーズホールディングス
8967,日本ロジスティクスファンド投資法人
2222,寿スピリッツ(株)
9744,(株)メイテックグループホールディングス
1885,東亜建設工業(株)
3466,ラサールロジポート投資法人
8961,森トラストリート投資法人
7278,(株)エクセディ
4887,サワイグループホールディングス(株)
9003,相鉄ホールディングス(株)
6135,(株)牧野フライス製作所
9302,三井倉庫ホールディングス(株)
5032,ＡＮＹＣＯＬＯＲ(株)
6508,(株)明電舎
3234,森ヒルズリート投資法人
3186,(株)ネクステージ
8876,(株)リログループ
268A,リガク・ホールディングス(株)
8986,大和証券リビング投資法人
1515,日鉄鉱業(株)
8242,エイチ・ツー・オー　リテイリング(株)
1941,(株)中電工
4061,デンカ(株)
5191,住友理工(株)
6407,ＣＫＤ(株)
7389,(株)あいちフィナンシャルグループ
3107,ダイワボウホールディングス(株)
8515,アイフル(株)
8850,スターツコーポレーション(株)
4368,扶桑化学工業(株)
2593,(株)伊藤園
7867,(株)タカラトミー
3282,コンフォリア・レジデンシャル投資法人
6103,オークマ(株)
6925,ウシオ電機(株)
6787,(株)メイコー
8022,ミズノ(株)
3285,野村不動産マスターファンド投資法人（旧）
9616,(株)共立メンテナンス
3360,シップヘルスケアホールディングス(株)
6371,(株)椿本チエイン
2811,カゴメ(株)
3295,ヒューリックリート投資法人
1833,(株)奥村組
8919,(株)カチタス
4617,中国塗料(株)
8964,フロンティア不動産投資法人
8086,ニプロ(株)
6136,ＯＳＧ
8381,(株)山陰合同銀行
3050,ＤＣＭホールディングス(株)
1820,西松建設(株)
8370,(株)紀陽銀行
6744,能美防災(株)
4206,アイカ工業(株)
2270,雪印メグミルク(株)
2127,(株)日本Ｍ＆Ａセンターホールディングス
2730,(株)エディオン
4483,(株)ＪＭＤＣ
7994,(株)オカムラ
8194,(株)ライフコーポレーション
8522,(株)名古屋銀行
8361,(株)大垣共立銀行
3105,日清紡ホールディングス(株)
2201,森永製菓(株)
8133,伊藤忠エネクス(株)
9627,(株)アインホールディングス
1979,(株)大気社
7313,テイ・エス　テック(株)
8386,(株)百十四銀行
6457,グローリー(株)
5301,東海カーボン(株)
9509,北海道電力(株)
8714,(株)池田泉州ホールディングス
7947,(株)エフピコ
7242,カヤバ(株)
8544,(株)京葉銀行
9869,加藤産業(株)
7744,ノーリツ鋼機(株)
8628,松井証券(株)
9031,西日本鉄道(株)
3591,(株)ワコールホールディングス
6366,千代田化工建設(株)
3994,(株)マネーフォワード
8848,(株)レオパレス２１
5451,(株)ヨドコウ
4373,シンプレクス・ホールディングス(株)
7205,日野自動車(株)
6315,ＴＯＷＡ(株)
3278,ケネディクス・レジデンシャル・ネクスト投資法人
3697,(株)ＳＨＩＦＴ
4784,ＧＭＯインターネット(株)
3263,大和ハウスリート投資法人（旧）
8273,(株)イズミ
3148,(株)クリエイトＳＤホールディングス
1950,日本電設工業(株)
6472,ＮＴＮ(株)
2001,(株)ニップン
6814,古野電気(株)
4023,(株)クレハ
8367,(株)南都銀行
4547,キッセイ薬品工業(株)
5384,(株)フジミインコーポレーテッド
2317,(株)システナ
4587,ペプチドリーム(株)
9746,(株)ＴＫＣ
7381,(株)ＣＣＩグループ
5482,愛知製鋼(株)
8098,稲畑産業(株)
4041,日本曹達(株)
1333,マルハニチロ(株)
4665,(株)ダスキン
8956,NTT都市開発リート投資法人
9682,(株)ＤＴＳ
9936,(株)王将フードサービス
3569,セーレン(株)
9505,北陸電力(株)
1946,(株)トーエネック
6632,(株)ＪＶＣケンウッド
4443,Ｓａｎｓａｎ(株)
1934,(株)ユアテック
6412,(株)平和
6330,東洋エンジニアリング(株)
7716,(株)ナカニシ
6013,(株)タクマ
1766,東建コーポレーション(株)
8154,加賀電子(株)
7981,タカラスタンダード(株)
9948,(株)アークス
8959,野村不動産オフィスファンド投資法人
7817,パラマウントベッドホールディングス(株)
8066,三谷商事(株)
7296,(株)エフ・シー・シー
9861,(株)吉野家ホールディングス
7846,(株)パイロットコーポレーション
8957,東急リアル・エステート投資法人
8388,(株)阿波銀行
6278,ユニオンツール(株)
4095,日本パーカライジング(株)
6736,サン電子(株)
2121,(株)ＭＩＸＩ
3481,三菱地所物流リート投資法人
7956,ピジョン(株)
8609,(株)岡三証券グループ
8987,ジャパンエクセレント投資法人
7864,(株)フジシールインターナショナル
8966,平和不動産リート投資法人
9956,(株)バローホールディングス
8584,(株)ジャックス
8585,(株)オリエントコーポレーション
9075,福山通運(株)
2659,(株)サンエー
3222,ユナイテッド・スーパーマーケット・ホールディングス(株)
8616,東海東京フィナンシャル・ホールディングス(株)
4045,東亞合成(株)
7616,(株)コロワイド
8130,(株)サンゲツ
4553,東和薬品(株)
2602,日清オイリオグループ(株)
4544,Ｈ．Ｕ．グループホールディングス(株)
8218,(株)コメリ
8566,リコーリース(株)
4722,フューチャー(株)
8511,日本証券金融(株)
9025,鴻池運輸(株)
7250,太平洋工業(株)
2815,アリアケジャパン(株)
7485,岡谷鋼機(株)
1377,(株)サカタのタネ
8278,(株)フジ
4521,科研製薬(株)
8336,(株)武蔵野銀行
4634,ａｒｔｉｅｎｃｅ(株)
3498,霞ヶ関キャピタル(株)
2337,いちご(株)
7220,武蔵精密工業(株)
3765,ガンホー・オンライン・エンターテイメント(株)
7476,アズワン(株)
6703,ＯＫＩ
7806,(株)ＭＴＧ
8698,マネックスグループ(株)
7740,(株)タムロン
6807,日本航空電子工業(株)
9960,東テク(株)
7458,(株)第一興商
3865,北越コーポレーション(株)
6055,ジャパンマテリアル(株)
5703,日本軽金属ホールディングス(株)
5331,ノリタケ(株)
2154,(株)オープンアップグループ
9068,丸全昭和運輸(株)
4478,フリー(株)
7970,信越ポリマー(株)
7148,(株)ＦＰＧ
6498,(株)キッツ
7004,カナデビア(株)
8803,平和不動産(株)
6420,ガリレイ(株)
9715,トランスコスモス(株)
6651,日東工業(株)
3296,日本リート投資法人
1835,東鉄工業(株)
5423,東京製鐵(株)
1965,(株)テクノ菱和
167A,リョーサン菱洋ホールディングス(株)
3097,(株)物語コーポレーション
7730,マニー(株)
4628,エスケー化研(株)
2124,ＪＡＣ　Ｒｅｃｒｕｉｔｍｅｎｔ
5715,古河機械金属(株)
1952,新日本空調(株)
9716,(株)乃村工藝社
9119,飯野海運(株)
3880,大王製紙(株)
5273,三谷セキサン(株)
6516,山洋電気(株)
9601,松竹(株)
3468,スターアジア不動産投資法人
7105,三菱ロジスネクスト(株)
7456,松田産業(株)
9793,(株)ダイセキ
8600,トモニホールディングス(株)
9722,藤田観光(株)
6670,(株)ＭＣＪ
9708,(株)帝国ホテル
1723,日本電技(株)
7157,ライフネット生命保険(株)
9974,(株)ベルク
1926,ライト工業(株)
8968,福岡リート投資法人
6588,東芝テック(株)
8214,(株)ＡＯＫＩホールディングス
3453,ケネディクス商業リート投資法人
9830,トラスコ中山(株)
6875,(株)メガチップス
7599,(株)ＩＤＯＭ
3167,(株)ＴＯＫＡＩホールディングス
9110,ＮＳユナイテッド海運(株)
4928,(株)ノエビアホールディングス
9672,東京都競馬(株)
6804,ホシデン(株)
7734,理研計器(株)
4694,(株)ビー・エム・エル
8923,トーセイ(株)
3002,グンゼ(株)
6486,イーグル工業(株)
7685,(株)ＢｕｙＳｅｌｌ　Ｔｅｃｈｎｏｌｏｇｉｅｓ
8360,(株)山梨中央銀行
3076,あい　ホールディングス(株)
4914,高砂香料工業(株)
8276,(株)平和堂
2384,ＳＢＳホールディングス(株)
7287,日本精機(株)
6750,エレコム(株)
7739,キヤノン電子(株)
6490,(株)ＰＩＬＬＡＲ
5352,黒崎播磨(株)
7224,新明和工業(株)
9551,メタウォーター(株)
3433,トーカロ(株)
7545,(株)西松屋チェーン
9882,(株)イエローハット
4917,(株)マンダム
3106,クラボウ
4592,サンバイオ(株)
3593,(株)ホギメディカル
1871,ピーエス・コンストラクション(株)
290A,(株)Ｓｙｎｓｐｅｃｔｉｖｅ
2692,伊藤忠食品(株)
3287,星野リゾート・リート投資法人
2160,(株)ジーエヌアイグループ
1968,太平電業(株)
6966,(株)三井ハイテック
8346,(株)東邦銀行
9678,(株)カナモト
5930,文化シヤッター(株)
6395,(株)タダノ
7184,(株)富山第一銀行
8975,いちごオフィスリート投資法人
2175,(株)エス・エム・エス
6101,(株)ツガミ
9166,(株)ＧＥＮＤＡ
8097,三愛オブリ(株)
7630,(株)壱番屋
4975,(株)ＪＣＵ
6523,ＰＨＣホールディングス(株)
2281,プリマハム(株)
6250,(株)やまびこ
215A,(株)タイミー
2695,くら寿司(株)
6707,サンケン電気(株)
7279,(株)ハイレックスコーポレーション
5161,西川ゴム工業(株)
1720,東急建設(株)
3201,ニッケ
9037,(株)ハマキョウレックス
6254,野村マイクロ・サイエンス(株)
7283,愛三工業(株)
9267,Ｇｅｎｋｙ　ＤｒｕｇＳｔｏｒｅｓ(株)
8051,(株)山善
4099,四国化成ホールディングス(株)
2685,(株)アンドエスティＨＤ
7552,(株)ハピネット
8153,(株)モスフードサービス
3863,日本製紙(株)
9090,ＡＺ－ＣＯＭ丸和ホールディングス(株)
8421,信金中央金庫
9832,(株)オートバックスセブン
1762,(株)高松コンストラクショングループ
7222,日産車体(株)
3191,(株)ジョイフル本田
7976,三菱鉛筆(株)
5975,東プレ(株)
9699,ニシオホールディングス(株)
5911,(株)横河ブリッジホールディングス
7516,コーナン商事(株)
6379,レイズネクスト(株)
7972,(株)イトーキ
6455,(株)モリタホールディングス
4534,持田製薬(株)
8179,ロイヤルホールディングス(株)
7226,極東開発工業(株)
4776,サイボウズ(株)
3543,(株)コメダホールディングス
7172,(株)ジャパンインベストメントアドバイザー
8393,(株)宮崎銀行
8595,ジャフコ　グループ(株)
7512,イオン北海道(株)
5232,住友大阪セメント(株)
8219,青山商事(株)
7821,前田工繊(株)
8958,グローバル・ワン不動産投資法人
5449,大阪製鐵(株)
3087,(株)ドトール・日レスホールディングス
7322,(株)三十三フィナンシャルグループ
4471,三洋化成工業(株)
4633,サカタインクス(株)
186A,(株)アストロスケールホールディングス
6941,山一電機(株)
8117,中央自動車工業(株)
6745,ホーチキ(株)
9887,(株)松屋フーズホールディングス
9413,(株)テレビ東京ホールディングス
2146,ＵＴグループ(株)
2379,ディップ(株)
8074,ユアサ商事(株)
8131,(株)ミツウロコグループホールディングス
5727,東邦チタニウム(株)
1879,新日本建設(株)
5192,三ツ星ベルト(株)
7483,(株)ドウシシャ
9039,(株)サカイ引越センター
8392,(株)大分銀行
6376,日機装(株)
2678,アスクル(株)
6474,(株)不二越
8198,マックスバリュ東海(株)
5842,インテグラル(株)
9842,アークランズ(株)
7595,(株)アルゴグラフィックス
7611,(株)ハイデイ日高
7780,(株)メニコン
4958,長谷川香料(株)
2805,ヱスビー食品(株)
5186,ニッタ(株)
2767,円谷フィールズホールディングス(株)
3046,(株)ジンズホールディングス
6332,月島ホールディングス(株)
4432,ウイングアーク１ｓｔ(株)
8892,(株)エスコン
4819,(株)デジタルガレージ
8934,サンフロンティア不動産(株)
2928,ＲＩＺＡＰグループ(株)
7350,(株)おきなわフィナンシャルグループ
1663,Ｋ＆Ｏエナジーグループ(株)
7943,ニチハ(株)
1982,日比谷総合設備(株)
3101,東洋紡(株)
2492,(株)インフォマート
5440,共英製鋼(株)
8337,(株)千葉興業銀行
8871,(株)ゴールドクレスト
4384,ラクスル(株)
6996,ニチコン(株)
7412,(株)アトム
9010,富士急行(株)
6777,ｓａｎｔｅｃ　Ｈｏｌｄｉｎｇｓ(株)
5602,(株)栗本鐵工所
4028,石原産業(株)
9347,日本管財ホールディングス(株)
8032,日本紙パルプ商事(株)
3778,さくらインターネット(株)
7721,東京計器(株)
6993,大黒屋ホールディングス(株)
5310,東洋炭素(株)
3612,(株)ワールド
8977,阪急阪神リート投資法人
7965,象印マホービン(株)
9757,(株)船井総研ホールディングス
6016,(株)ジャパンエンジンコーポレーション
9889,ＪＢＣＣホールディングス(株)
446A,(株)ノースサンド
6351,(株)鶴見製作所
8345,(株)岩手銀行
8255,アクシアル　リテイリング(株)
7575,日本ライフライン(株)
2733,(株)あらた
2760,東京エレクトロン　デバイス(株)
6834,(株)精工技研
6947,(株)図研
4985,アース製薬(株)
6810,マクセル(株)
4180,Ａｐｐｉｅｒ　Ｇｒｏｕｐ(株)
4216,旭有機材(株)
5253,カバー(株)
8057,(株)内田洋行
6458,新晃工業(株)
1419,タマホーム(株)
8877,エスリード(株)
2109,ＤＭ三井製糖(株)
3240,野村不動産レジデンシャル投資法人
1870,矢作建設工業(株)
6104,芝浦機械(株)
7718,スター精密(株)
6183,(株)ベルシステム２４ホールディングス
7177,ＧＭＯフィナンシャルホールディングス(株)
3001,片倉工業(株)
4559,ゼリア新薬工業(株)
4369,(株)トリケミカル研究所
8037,カメイ(株)
4971,メック(株)
2004,昭和産業(株)
6080,Ｍ＆Ａキャピタルパートナーズ(株)
8016,(株)オンワードホールディングス
3993,(株)ＰＫＳＨＡ　Ｔｅｃｈｎｏｌｏｇｙ
9603,(株)エイチ・アイ・エス
6209,リケンＮＰＲ(株)
6727,(株)ワコム
1975,(株)朝日工業社
2588,(株)プレミアムウォーターホールディングス
3104,富士紡ホールディングス(株)
8125,(株)ワキタ
8059,第一実業(株)
6345,(株)アイチコーポレーション
8014,蝶理(株)
9824,泉州電業(株)
7826,(株)フルヤ金属
3487,CREロジスティクスファンド投資法人
6929,日本セラミック(株)
5351,品川リフラ(株)
2157,(株)コシダカホールディングス
5943,(株)ノーリツ
3762,テクマトリックス(株)
3459,サムティ・レジデンシャル投資法人
2653,イオン九州(株)
7944,ローランド(株)
2742,(株)ハローズ
3445,(株)ＲＳ　Ｔｅｃｈｎｏｌｏｇｉｅｓ
8237,(株)松屋
9663,(株)ナガワ
5122,オカモト(株)
3964,(株)オークネット
2353,日本駐車場開発(株)
3465,ケイアイスター不動産(株)
4071,(株)プラスアルファ・コンサルティング
7513,(株)コジマ
2292,Ｓ　ＦＯＯＤＳ(株)
6340,澁谷工業(株)
4293,(株)セプテーニ・ホールディングス
4569,杏林製薬(株)
4974,タカラバイオ(株)
6737,ＥＩＺＯ(株)
1976,明星工業(株)
2585,(株)ライフドリンクカンパニー
6284,日精エー・エス・ビー機械(株)
319A,(株)技術承継機構
4825,(株)ウェザーニューズ
7241,フタバ産業(株)
4189,ＫＨネオケム(株)
8550,(株)栃木銀行
3476,投資法人みらい
4044,セントラル硝子(株)
7839,(株)ＳＨＯＥＩ
4461,第一工業製薬(株)
4526,理研ビタミン(株)
2117,ウェルネオシュガー(株)
9997,(株)ベルーナ
3479,(株)ティーケーピー
2737,(株)トーメンデバイス
6277,ホソカワミクロン(株)
8399,(株)琉球銀行
4956,コニシ(株)
5262,日本ヒューム(株)
4290,(株)プレステージ・インターナショナル
6226,守谷輸送機工業(株)
2979,SOSiLA物流リート投資法人
6463,ＴＰＲ(株)
8818,京阪神ビルディング(株)
9543,静岡ガス(株)
1518,三井松島ホールディングス(株)
4996,クミアイ化学工業(株)
1921,(株)巴コーポレーション
6741,日本信号(株)
6914,オプテックスグループ(株)
5195,バンドー化学(株)
456A,ＨＵＭＡＮ　ＭＡＤＥ(株)
7917,ＺＡＣＲＯＳ(株)
6036,ＫｅｅＰｅｒ技研(株)
4464,(株)ソフト９９コーポレーション
4365,松本油脂製薬(株)
6652,ＩＤＥＣ(株)
6235,(株)オプトラン
7088,(株)フォーラムエンジニアリング
8061,西華産業(株)
2329,(株)東北新社
6961,(株)エンプラス
9247,ＴＲＥホールディングス(株)
4828,ビジネスエンジニアリング(株)
3539,(株)ＪＭホールディングス
4187,大阪有機化学工業(株)
1882,東亜道路工業(株)
5036,日本ビジネスシステムズ(株)
6413,理想科学工業(株)
6866,ＨＩＯＫＩ(株)
3156,(株)レスター
7246,プレス工業(株)
8707,岩井コスモホールディングス(株)
6946,日本アビオニクス(株)
1852,(株)淺沼組
8793,ＮＥＣキャピタルソリューション(株)
4552,ＪＣＲファーマ(株)
5970,(株)ジーテクト
247A,Ａｉロボティクス(株)
5851,リョービ(株)
5992,中央発條(株)
4765,ＳＢＩグローバルアセットマネジメント(株)
2220,亀田製菓(株)
7931,未来工業(株)
3817,(株)ＳＲＡホールディングス
9536,西部ガスホールディングス(株)
3028,(株)アルペン
4549,栄研化学(株)
3492,MIRARTH不動産投資法人
6740,(株)ジャパンディスプレイ
6349,(株)小森コーポレーション
6023,ダイハツインフィニアース(株)
3036,アルコニックス(株)
8771,イー・ギャランティ(株)
9621,(株)建設技術研究所
3443,川田テクノロジーズ(株)
8387,(株)四国銀行
3302,帝国繊維(株)
6197,(株)ソラスト
1939,(株)四電工
485A,(株)パワーエックス
8343,(株)秋田銀行
6258,平田機工(株)
9729,(株)トーカイ
6908,イリソ電子工業(株)
9310,日本トランスシティ(株)
9692,(株)シーイーシー
5726,(株)大阪チタニウムテクノロジーズ
7433,伯東(株)
2590,ダイドーグループホールディングス(株)
4997,日本農薬(株)
7995,(株)バルカー
3034,クオールホールディングス(株)
2168,(株)パソナグループ
4919,(株)ミルボン
464A,(株)ＱＰＳホールディングス
6859,エスペック(株)
9823,(株)マミーマートホールディングス
2326,デジタルアーツ(株)
4480,(株)メドレー
6459,大和冷機工業(株)
9733,(株)ナガセ
6282,オイレス工業(株)
4746,(株)東計電算
6196,(株)ストライク
4220,リケンテクノス(株)
7292,(株)村上開明堂
8084,(株)ＲＹＯＤＥＮ
8841,(株)テーオーシー
6524,湖北工業(株)
1799,第一建設工業(株)
9304,澁澤倉庫(株)
7130,ヤマエグループホールディングス(株)
9348,(株)ｉｓｐａｃｅ
3636,(株)三菱総合研究所
9369,(株)キユーソー流通システム
6331,三菱化工機(株)
6517,デンヨー(株)
3962,(株)チェンジホールディングス
5290,(株)ベルテクスコーポレーション
4116,大日精化工業(株)
6287,(株)サトー
6877,ＯＢＡＲＡ　ＧＲＯＵＰ(株)
8715,アニコム　ホールディングス(株)
7942,(株)ＪＳＰ
3608,(株)ＴＳＩホールディングス
1909,日本ドライケミカル(株)
6118,アイダエンジニアリング(株)
5011,ニチレキグループ(株)
7421,カッパ・クリエイト(株)
8982,トップリート投資法人
7231,トピー工業(株)
9743,(株)丹青社
8159,(株)立花エレテック
8043,スターゼン(株)
2208,(株)ブルボン
7384,(株)プロクレアホールディングス
277A,グロービング(株)
3950,ザ・パック(株)
471A,ＮＳグループ(株)
8395,(株)佐賀銀行
2664,(株)カワチ薬品
6419,(株)マースグループホールディングス
2216,カンロ(株)
8173,上新電機(株)
9902,(株)日伝
2791,大黒天物産(株)
8244,(株)近鉄百貨店
7199,プレミアグループ(株)
9279,(株)ギフトホールディングス
7239,(株)タチエス
4565,ネクセラファーマ(株)
5982,(株)マルゼン
3151,(株)バイタルケーエスケー・ホールディングス
5480,日本冶金工業(株)
4008,住友精化(株)
4849,エン(株)
1407,(株)ウエストホールディングス
4047,関東電化工業(株)
1815,鉄建建設(株)
2681,(株)ゲオホールディングス
4832,ＪＦＥシステムズ(株)
7606,(株)ユナイテッドアローズ
2874,ヨコレイ
3632,グリーホールディングス(株)
3290,Oneリート投資法人
3692,(株)ＦＦＲＩセキュリティ
8160,(株)木曽路
2734,(株)サーラコーポレーション
9534,北海道ガス(株)
1822,大豊建設(株)
4674,(株)クレスコ
3733,(株)ソフトウェア・サービス
1899,(株)福田組
6088,(株)シグマクシス・ホールディングス
4082,第一稀元素化学工業(株)
2540,養命酒製造(株)
4362,日本精化(株)
6617,(株)東光高岳
8613,丸三証券(株)
7085,(株)カーブスホールディングス
9755,応用地質(株)
3480,(株)ジェイ・エス・ビー
2986,(株)ＬＡホールディングス
6623,愛知電機(株)
6381,アネスト岩田(株)
5410,合同製鐵(株)
7818,(株)トランザクション
8079,正栄食品工業(株)
9357,名港海運(株)
3673,(株)ブロードリーフ
8132,シナネンホールディングス(株)
8739,スパークス・グループ(株)
4326,(株)インテージホールディングス
8075,神鋼商事(株)
6200,(株)インソース
8344,(株)山形銀行
3836,(株)アバントグループ
7868,(株)広済堂ホールディングス
9028,(株)ゼロ
3153,八洲電機(株)
5946,(株)長府製作所
3946,(株)トーモク
8362,(株)福井銀行
6058,(株)ベクトル
2613,(株)Ｊ－オイルミルズ
4212,積水樹脂(株)
6627,(株)テラプローブ
3902,メディカル・データ・ビジョン(株)
6027,弁護士ドットコム(株)
3252,地主(株)
4413,(株)ボードルア
9790,福井コンピュータホールディングス(株)
9324,安田倉庫(株)
6794,フォスター電機(株)
7593,ＶＴホールディングス(株)
2395,(株)新日本科学
2003,日東富士製粉(株)
4970,東洋合成工業(株)
3478,森トラスト・ホテルリート投資法人
8541,(株)愛媛銀行
2790,(株)ナフコ
4894,クオリプス(株)
1379,ホクト(株)
4109,ステラ　ケミファ(株)
7979,(株)松風
3708,特種東海製紙(株)
2211,(株)不二家
7508,(株)Ｇ－７ホールディングス
5202,日本板硝子(株)
1945,(株)東京エネシス
7745,(株)Ａ＆Ｄホロンホールディングス
6480,日本トムソン(株)
8157,都築電気(株)
3491,(株)ＧＡ　ｔｅｃｈｎｏｌｏｇｉｅｓ
3399,(株)丸千代山岡家
5988,(株)パイオラックス
7504,(株)高速
3395,(株)サンマルクホールディングス
9552,(株)クオンツ総研ホールディングス
3482,ロードスターキャピタル(株)
8508,Ｊトラスト(株)
9416,(株)ビジョン
7613,シークス(株)
4687,ＴＤＣソフト(株)
4323,日本システム技術(株)
9519,(株)レノバ
5461,中部鋼鈑(株)
6425,(株)ユニバーサルエンターテインメント
8167,(株)リテールパートナーズ
6574,(株)コンヴァノ
9511,沖縄電力(株)
1898,世紀東急工業(株)
3661,(株)エムアップホールディングス
2749,(株)ＪＰホールディングス
2972,サンケイリアルエステート投資法人
368A,(株)北里コーポレーション
9928,(株)ミロク情報サービス
6339,新東工業(株)
3854,(株)アイル
2902,太陽化学(株)
4886,あすか製薬ホールディングス(株)
7280,(株)ミツバ
4097,高圧ガス工業(株)
5949,ユニプレス(株)
2918,わらべや日洋ホールディングス(株)
1888,若築建設(株)
9474,(株)ゼンリン
9946,ミニストップ(株)
1301,(株)極洋
6363,(株)酉島製作所
7915,ＮＩＳＳＨＡ(株)
5445,東京鐵鋼(株)
3905,データセクション(株)
4848,(株)フルキャストホールディングス
2288,丸大食品(株)
5208,(株)有沢製作所
3655,(株)ブレインパッド
6855,日本電子材料(株)
3245,(株)ディア・ライフ
3668,(株)コロプラ
1811,(株)錢高組
3232,三重交通グループホールディングス(株)
4481,ベース(株)
4221,大倉工業(株)
4246,ダイキョーニシカワ(株)
8200,(株)リンガーハット
3496,(株)アズーム
6237,(株)イワキ
9900,(株)サガミホールディングス
1786,オリエンタル白石(株)
3150,(株)グリムス
6143,(株)ソディック
1948,(株)弘電社
3091,(株)ブロンコビリー
3371,(株)ソフトクリエイトホールディングス
6809,ＴＯＡ(株)
9274,ＫＰＰグループホールディングス(株)
6328,荏原実業(株)
4343,(株)イオンファンタジー
9661,(株)歌舞伎座
2698,(株)キャンドゥ
1938,日本リーテック(株)
5541,大平洋金属(株)
2938,(株)オカムラ食品工業
5702,(株)大紀アルミニウム工業所
6309,巴工業(株)
8979,スターツプロシード投資法人
4078,堺化学工業(株)
6637,寺崎電気産業(株)
2170,(株)リンクアンドモチベーション
202A,(株)豆蔵
1967,(株)ヤマト
197A,(株)タウンズ
8914,エリアリンク(株)
5304,ＳＥＣカーボン(株)
1887,日本国土開発(株)
6638,(株)ミマキエンジニアリング
7949,小松ウオール工業(株)
409A,オリオンビール(株)
2931,(株)ユーグレナ
3182,オイシックス・ラ・大地(株)
8052,椿本興業(株)
7921,(株)ＴＡＫＡＲＡ　＆　ＣＯＭＰＡＮＹ
8706,極東証券(株)
4431,(株)スマレジ
7447,ナガイレーベン(株)
262A,(株)インターメスティック
4619,日本特殊塗料(株)
7128,ユニソルホールディングス(株)
1929,日特建設(株)
9856,(株)ケーユーホールディングス
4022,ラサ工業(株)
4259,(株)エクサウィザーズ
8708,アイザワ証券グループ(株)
8614,東洋証券(株)
3284,(株)フージャースホールディングス
5288,アジアパイルホールディングス(株)
9828,(株)Ｇｅｎｋｉ　Ｇｌｏｂａｌ　Ｄｉｎｉｎｇ　Ｃｏｎｃｅｐｔｓ
7860,エイベックス(株)
6227,ＡＩメカテック(株)
7777,(株)スリー・ディー・マトリックス
6564,(株)ミダックホールディングス
2751,(株)テンポスホールディングス
7102,日本車輌製造(株)
2752,(株)フジオフードグループ本社
4641,(株)アルプス技研
8897,ＭＩＲＡＲＴＨホールディングス(株)
6824,新コスモス電機(株)
6676,(株)バッファロー
3451,トーセイ・リート投資法人
6644,大崎電気工業(株)
4094,日本化学産業(株)
6289,(株)技研製作所
6364,(株)ＡＩＲＭＡＮ
166A,(株)タスキホールディングス
4719,(株)アルファシステムズ
3844,コムチュア(株)
2053,中部飼料(株)
2573,北海道コカ・コーラボトリング(株)
8864,空港施設(株)
5563,新日本電工(株)
3431,宮地エンジニアリンググループ(株)
6999,ＫＯＡ(株)
5302,日本カーボン(株)
4275,(株)カーリット
9381,(株)エーアイテイー
3663,(株)セルシス
5184,(株)ニチリン
4820,(株)ＥＭシステムズ
3763,(株)プロシップ
6718,アイホン(株)
7609,ダイトロン(株)
8699,ＨＳホールディングス(株)
7388,(株)ＦＰパートナー
4658,日本空調サービス(株)
7326,ＳＢＩインシュアランスグループ(株)
3679,(株)じげん
2108,日本甜菜製糖(株)
7715,長野計器(株)
6800,(株)ヨコオ
8281,ゼビオホールディングス(株)
9305,(株)ヤマタネ
3687,(株)フィックスターズ
6231,木村工機(株)
6333,(株)帝国電機製作所
8163,ＳＲＳホールディングス(株)
8935,(株)ＦＪネクストホールディングス
9991,ジェコス(株)
147A,(株)ソラコム
3198,ＳＦＰホールディングス(株)
4318,(株)クイック
2975,スター・マイカ・ホールディングス(株)
7383,(株)ネットプロテクションズホールディングス
7236,(株)ティラド
7990,グローブライド(株)
8150,三信電気(株)
1813,(株)不動テトラ
8065,佐藤商事(株)
5243,ｎｏｔｅ(株)
9619,(株)イチネンホールディングス
6768,(株)タムラ製作所
7760,ＩＭＶ(株)
9639,三協フロンテア(株)
2226,(株)湖池屋
299A,クラシル(株)
4375,セーフィー(株)
7244,市光工業(株)
6357,三精テクノロジーズ(株)
9517,イーレックス(株)
2325,(株)ＮＪＳ
7914,共同印刷(株)
7245,大同メタル工業(株)
2980,ＳＲＥホールディングス(株)
2908,フジッコ(株)
8081,(株)カナデン
3449,(株)テクノフレックス
9726,ＫＮＴ－ＣＴホールディングス(株)
5889,Ｊａｐａｎ　Ｅｙｅｗｅａｒ　Ｈｏｌｄｉｎｇｓ(株)
4417,グローバルセキュリティエキスパート(株)
8137,サンワテクノス(株)
4743,(株)アイティフォー
4685,(株)菱友システムズ
4554,富士製薬工業(株)
4588,オンコリスバイオファーマ(株)
256A,飛島ホールディングス(株)
7749,メディキット(株)
1869,名工建設(株)
1810,松井建設(株)
3299,(株)ムゲンエステート
6905,コーセル(株)
9470,(株)学研ホールディングス
2705,(株)大戸屋ホールディングス
5821,平河ヒューテック(株)
3660,(株)アイスタイル
6625,ＪＡＬＣＯホールディングス(株)
4992,北興化学工業(株)
7229,(株)ユタカ技研
9837,モリト(株)
8151,(株)東陽テクニカ
5834,ＳＢＩリーシングサービス(株)
7971,東リ(株)
4377,(株)ワンキャリア
2971,エスコンジャパンリート投資法人
2429,(株)ワールドホールディングス
9081,神奈川中央交通(株)
8005,(株)スクロール
1930,北陸電気工事(株)
255A,ジーエルテクノホールディングス(株)
4972,綜研化学(株)
6648,(株)かわでん
7840,フランスベッドホールディングス(株)
7071,(株)アンビスホールディングス
219A,Ｈｅａｒｔｓｅｅｄ(株)
1736,(株)オーテック
8624,いちよし証券(株)
5976,ネツレン
4419,(株)Ｆｉｎａｔｅｘｔホールディングス
5959,岡部(株)
7059,(株)コプロ・ホールディングス
2594,キーコーヒー(株)
9467,(株)アルファポリス
3176,三洋貿易(株)
9052,山陽電気鉄道(株)
6249,(株)ゲームカードホールディングス
4931,新日本製薬(株)
7366,(株)ＬＩＴＡＬＩＣＯ
7463,(株)アドヴァングループ
6820,アイコム(株)
9896,ＪＫホールディングス(株)
9438,(株)エムティーアイ
6489,前澤工業(株)
8008,４℃ホールディングス
6145,ＮＩＴＴＯＫＵ(株)
287A,黒田グループ(株)
6247,(株)日阪製作所
4593,(株)ヘリオス
3455,ヘルスケア＆メディカル投資法人
5121,藤倉コンポジット(株)
6137,小池酸素工業(株)
5261,リソルホールディングス(株)
9906,藤井産業(株)
3010,ポラリス・ホールディングス(株)
4345,(株)シーティーエス
3561,(株)力の源ホールディングス
7723,愛知時計電機(株)
2207,(株)ｍｅｉｔｏ
8142,(株)トーホー
7711,助川電気工業(株)
7092,(株)Ｆａｓｔ　Ｆｉｔｎｅｓｓ　Ｊａｐａｎ
9629,ピー・シー・エー(株)
6272,レオン自動機(株)
8558,(株)東和銀行
9740,ＣＳＰ
6140,旭ダイヤモンド工業(株)
7607,(株)進和
1793,(株)大本組
8011,(株)三陽商会
5013,(株)ユシロ
9368,キムラユニティー(株)
6144,西部電機(株)
9795,(株)ステップ
4839,(株)ＷＯＷＯＷ
1375,ユキグニファクトリー(株)
6788,(株)日本トリム
7937,(株)ツツミ
6430,ダイコク電機(株)
5038,(株)ｅＷｅＬＬ
9622,(株)スペース
2060,フィード・ワン(株)
3093,(株)トレジャー・ファクトリー
8551,(株)北日本銀行
6369,トーヨーカネツ(株)
3463,いちごホテルリート投資法人
6062,(株)チャーム・ケア・コーポレーション
2676,高千穂交易(株)
4725,(株)ＣＡＣ　Ｈｏｌｄｉｎｇｓ
4718,(株)早稲田アカデミー
3196,(株)ホットランドホールディングス
9632,スバル興業(株)
4337,ぴあ(株)
2792,(株)ハニーズホールディングス
6099,(株)エラン
6240,ヤマシンフィルタ(株)
8338,(株)筑波銀行
3916,デジタル・インフォメーション・テクノロジー(株)
3205,(株)ダイドーリミテッド
4611,大日本塗料(株)
4051,ＧＭＯフィナンシャルゲート(株)
2498,(株)オリエンタルコンサルタンツホールディングス
1514,住石ホールディングス(株)
5989,(株)エイチワン
7679,(株)薬王堂ホールディングス
3183,ウイン・パートナーズ(株)
212A,フィットイージー(株)
1814,大末建設(株)
4577,ダイト(株)
7803,(株)ブシロード
5408,(株)中山製鋼所
7522,ワタミ(株)
7989,立川ブラインド工業(株)
6742,(株)京三製作所
4449,(株)ギフティ
9845,(株)パーカーコーポレーション
6675,サクサ(株)
3193,(株)エターナルホスピタリティグループ
4218,ニチバン(株)
6310,井関農機(株)
4548,生化学工業(株)
9640,(株)セゾンテクノロジー
3825,(株)リミックスポイント
7198,ＳＢＩアルヒ(株)
6630,ヤーマン(株)
7932,(株)ニッピ
8103,明和産業(株)
5464,モリ工業(株)
9658,(株)ビジネスブレイン太田昭和
6266,タツモ(株)
7438,コンドーテック(株)
3843,フリービット(株)
4475,ＨＥＮＮＧＥ(株)
7874,レック(株)
9742,(株)アイネス
3798,ＵＬＳグループ(株)
3040,(株)ソリトンシステムズ
9284,カナディアン・ソーラー・インフラ投資法人
4477,ＢＡＳＥ(株)
3475,(株)グッドコムアセット
1866,北野建設(株)
4390,(株)アイ・ピー・エス
1827,(株)ナカノフドー建設
9600,(株)アイネット
2393,(株)日本ケアサプライ
402A,(株)アクセルスペースホールディングス
8622,水戸証券(株)
7814,(株)日本創発グループ
4112,保土谷化学工業(株)
9942,(株)ジョイフル
8844,(株)コスモスイニシア
6387,サムコ(株)
7409,ＡｅｒｏＥｄｇｅ(株)
4301,(株)アミューズ
2268,Ｂ－Ｒ　サーティワン　アイスクリーム(株)
7537,丸文(株)
2780,(株)コメ兵ホールディングス
6817,スミダコーポレーション(株)
6078,(株)バリューＨＲ
9539,京葉瓦斯(株)
2763,(株)エフティグループ
9955,(株)ヨンキュウ
8929,(株)青山財産ネットワークス
6677,(株)エスケーエレクトロニクス
5659,日本精線(株)
4923,コタ(株)
5757,(株)ＣＫサンエツ
3932,(株)アカツキ
3355,クリヤマホールディングス(株)
7510,(株)たけびし
9281,タカラレーベン・インフラ投資法人
8185,(株)チヨダ
2923,サトウ食品(株)
5027,ＡｎｙＭｉｎｄ　Ｇｒｏｕｐ(株)
2612,かどや製油(株)
8285,三谷産業(株)
2389,(株)デジタルホールディングス
4229,群栄化学工業(株)
4025,多木化学(株)
3891,ニッポン高度紙工業(株)
9739,ＮＳＷ(株)
2910,(株)ロック・フィールド
8881,(株)日神グループホールディングス
6958,日本ＣＭＫ(株)
4771,(株)エフアンドエム
6844,新電元工業(株)
9687,(株)ＫＳＫ
2989,東海道リート投資法人
6997,日本ケミコン(株)
7467,萩原電気ホールディングス(株)
7500,西川計測(株)
8217,(株)オークワ
7925,前澤化成工業(株)
8596,(株)九州リースサービス
8139,(株)ナガホリ
2221,岩塚製菓(株)
6151,日東工器(株)
4709,(株)ＩＤホールディングス
3922,(株)ＰＲ　ＴＩＭＥＳ
4072,(株)電算システムホールディングス
2148,アイティメディア(株)
8713,フィデアホールディングス(株)
1847,(株)イチケン
6222,(株)島精機製作所
7779,ＣＹＢＥＲＤＹＮＥ(株)
7520,(株)エコス
4714,(株)リソー教育グループ
6932,(株)遠藤照明
2998,クリアル(株)
3741,(株)セック
5357,(株)ヨータイ
2669,カネ美食品(株)
7414,小野建(株)
9273,コーア商事ホールディングス(株)
4462,石原ケミカル(株)
6223,(株)西部技研
6485,前澤給装工業(株)
4951,エステー(株)
5185,(株)フコク
3139,(株)ラクト・ジャパン
4249,森六(株)
7018,内海造船(株)
9405,朝日放送グループホールディングス(株)
2831,はごろもフーズ(株)
4763,(株)クリーク・アンド・リバー社
208A,(株)構造計画研究所ホールディングス
1964,中外炉工業(株)
3580,小松マテーレ(株)
6264,(株)マルマエ
4792,山田コンサルティンググループ(株)
5210,日本山村硝子(株)
8018,三共生興(株)
2294,(株)柿安本店
2305,(株)スタジオアリス
4826,(株)ＣＩＪ
6083,ＥＲＩホールディングス(株)
7596,(株)魚力
9556,ＩＮＴＬＯＯＰ(株)
9628,燦ホールディングス(株)
4027,テイカ(株)
4595,(株)ミズホメディー
9308,乾汽船(株)
2820,(株)やまみ
6469,(株)放電精密加工研究所
3983,(株)オロ
3333,(株)あさひ
6823,リオン(株)
6785,(株)鈴木
7769,リズム(株)
8006,ユアサ・フナショク(株)
2217,モロゾフ(株)
2158,(株)ＦＲＯＮＴＥＯ
7373,(株)アイドマ・ホールディングス
6070,キャリアリンク(株)
7455,(株)パリミキホールディングス
7746,岡本硝子(株)
3546,アレンザホールディングス(株)
2915,ケンコーマヨネーズ(株)
3771,(株)システムリサーチ
8141,新光商事(株)
2114,フジ日本(株)
4165,(株)プレイド
6620,宮越ホールディングス(株)
3486,(株)グローバル・リンク・マネジメント
3221,(株)ヨシックスホールディングス
2153,Ｅ・Ｊホールディングス(株)
9278,ブックオフグループホールディングス(株)
1777,川崎設備工業(株)
4659,(株)エイジス
9319,(株)中央倉庫
7482,(株)シモジマ
2469,ヒビノ(株)
1904,大成温調(株)
7955,クリナップ(株)
2461,(株)ファンコミュニケーションズ
3472,日本ホテル＆レジデンシャル投資法人
6125,(株)岡本工作機械製作所
5985,サンコール(株)
2533,オエノンホールディングス(株)
2209,井村屋グループ(株)
2475,ＷＤＢホールディングス(株)
7525,リックス(株)
6832,アオイ電子(株)
6306,日工(株)
9932,杉本商事(株)
4439,(株)東名
7460,(株)ヤギ
6061,(株)ユニバーサル園芸社
8275,(株)フォーバル
5729,日本精鉱(株)
8291,日産東京販売ホールディングス(株)
7305,新家工業(株)
9441,(株)ベルパーク
286A,(株)ユカリア
7893,(株)プロネクサス
6835,アライドテレシスホールディングス(株)
8101,(株)ＧＳＩクレオス
3159,丸善ＣＨＩホールディングス(株)
3984,(株)ユーザーローカル
6584,三桜工業(株)
5902,ホッカンホールディングス(株)
7238,曙ブレーキ工業(株)
7352,(株)ＴＷＯＳＴＯＮＥ＆Ｓｏｎｓ
1780,(株)ヤマウラ
9768,いであ(株)
325A,(株)ＴＥＮＴＩＡＬ
8203,(株)ＭｒＭａｘＨＤ
8007,高島(株)
2462,ライク(株)
2359,(株)コア
7717,(株)ブイ・テクノロジー
5592,(株)くすりの窓口
7047,ポート(株)
7628,(株)オーハシテクニカ
6653,(株)正興電機製作所
3315,日本コークス工業(株)
6915,千代田インテグレ(株)
6547,(株)グリーンズ
1429,(株)日本アクア
7844,(株)マーベラス
401A,霞ヶ関ホテルリート投資法人
6071,(株)ＩＢＪ
3388,明治電機工業(株)
2374,セントケア・ホールディング(株)
350A,デジタルグリッド(株)
9286,エネクス・インフラ投資法人
3864,三菱製紙(株)
6535,(株)アイモバイル
2349,(株)エヌアイデイ
4396,(株)システムサポートホールディングス
9709,ＮＣＳ＆Ａ(株)
3470,マリモ地方創生リート投資法人
1972,三晃金属工業(株)
6418,日本金銭機械(株)
5632,三菱製鋼(株)
341A,(株)トヨコー
7888,三光合成(株)
8860,フジ住宅(株)
4662,(株)フォーカスシステムズ
3452,(株)ビーロット
3393,スターティアホールディングス(株)
8704,トレイダーズホールディングス(株)
3989,シェアリングテクノロジー(株)
3488,セントラル・リート投資法人
3915,(株)テラスカイ
4463,日華化学(株)
1828,田辺工業(株)
6238,フリュー(株)
9287,ジャパン・インフラファンド 投資法人
438A,(株)インフキュリオン
8920,(株)東祥
6279,(株)瑞光
6994,(株)指月電機製作所
9880,イノテック(株)
4499,(株)Ｓｐｅｅｅ
5957,日東精工(株)
9035,第一交通産業(株)
8364,(株)清水銀行
3199,綿半ホールディングス(株)
7823,(株)アートネイチャー
4671,(株)ファルコホールディングス
3548,(株)バロックジャパンリミテッド
8772,(株)アサックス
3597,(株)自重堂
8789,フィンテック　グローバル(株)
5363,(株)ＴＹＫ
5909,(株)コロナ
2753,(株)あみやき亭
261A,(株)日水コン
3837,アドソル日進(株)
7488,(株)ヤガミ
4058,トヨクモ(株)
2674,(株)ハードオフコーポレーション
4783,ＮＣＤ(株)
2922,(株)なとり
2418,(株)ツカダ・グローバルホールディング
218A,(株)Ｌｉｂｅｒａｗａｒｅ
9029,(株)ヒガシホールディングス
4801,セントラルスポーツ(株)
7570,橋本総業ホールディングス(株)
9057,遠州トラック(株)
8228,(株)マルイチ産商
6245,(株)ヒラノテクシード
9908,Ｄｅｎｋｅｉ
4092,日本化学工業(株)
135A,(株)ＶＲＡＩＮ　Ｓｏｌｕｔｉｏｎ
3694,(株)オプティム
7420,佐鳥電機(株)
8070,東京産業(株)
2009,鳥越製粉(株)
3421,(株)稲葉製作所
3656,ＫＬａｂ(株)
6089,(株)ウィルグループ
5698,(株)エンビプロ・ホールディングス
9067,(株)丸運
7505,扶桑電通(株)
6986,双葉電子工業(株)
8869,明和地所(株)
5981,東京製綱(株)
2301,(株)学情
5574,(株)ＡＢＥＪＡ
296A,令和アカウンティング・ホールディングス(株)
3553,共和レザー(株)
9782,(株)ディーエムエス
6626,ＳＥＭＩＴＥＣ(株)
7683,(株)ダブルエー
250A,シマダヤ(株)
4968,荒川化学工業(株)
9402,中部日本放送(株)
7637,白銅(株)
6365,(株)電業社機械製作所
9769,(株)学究社
8928,穴吹興産(株)
3877,中越パルプ工業(株)
9268,(株)オプティマスグループ
5074,テスホールディングス(株)
6706,電気興業(株)
6629,テクノホライゾン(株)
3712,(株)情報企画
5535,ミガロホールディングス(株)
6763,帝国通信工業(株)
4258,(株)網屋
5218,(株)オハラ
5845,全保連(株)
6482,ＹＵＳＨＩＮ(株)
9158,(株)シーユーシー
3788,ＧＭＯグローバルサイン・ホールディングス(株)
8158,ソーダニッカ(株)
4310,(株)ドリームインキュベータ
7678,(株)あさくま
9359,伊勢湾海運(株)
6086,シンメンテホールディングス(株)
1384,(株)ホクリヨウ
5945,天龍製鋸(株)
4404,ミヨシ油脂(株)
3791,(株)ＩＧポート
6539,(株)ＭＳ－Ｊａｐａｎ
7191,(株)イントラスト
5707,東邦亜鉛(株)
2819,エバラ食品工業(株)
7294,(株)ヨロズ
7187,ジェイリース(株)
3611,(株)マツオカコーポレーション
278A,Ｔｅｒｒａ　Ｄｒｏｎｅ(株)
3271,(株)ＴＨＥグローバル社
6378,木村化工機(株)
6496,(株)中北製作所
6850,(株)チノー
2185,(株)シイエム・シイ
8301,日本銀行
2266,六甲バター(株)
6040,日本スキー場開発(株)
4251,恵和(株)
9913,日邦産業(株)
2804,ブルドックソース(株)
6246,(株)テクノスマート
7962,(株)キングジム
4847,(株)インテリジェント　ウェイブ
3179,シュッピン(株)
9788,(株)ナック
2814,佐藤食品工業(株)
7185,ヒロセ通商(株)
9644,(株)タナベコンサルティンググループ
9535,広島ガス(株)
4579,ラクオリア創薬(株)
7480,スズデン(株)
4973,日本高純度化学(株)
7856,萩原工業(株)
4393,(株)バンク・オブ・イノベーション
7638,(株)ＮＥＷ　ＡＲＴ　ＨＯＬＤＩＮＧＳ
3947,ダイナパック(株)
3678,(株)メディアドゥ
6989,北陸電気工業(株)
146A,コロンビア・ワークス(株)
9270,バリュエンスホールディングス(株)
421A,(株)ムービン・ストラテジック・キャリア
5254,(株)Ａｒｅｎｔ
3526,芦森工業(株)
3178,チムニー(株)
2933,(株)紀文食品
7475,アルビス(株)
3921,(株)ネオジャパン
6257,(株)藤商事
6382,トリニティ工業(株)
3489,(株)フェイスネットワーク
9083,神姫バス(株)
9115,明海グループ(株)
6184,(株)鎌倉新書
7952,(株)河合楽器製作所
1381,(株)アクシーズ
4013,勤次郎(株)
6470,大豊工業(株)
4064,日本カーバイド工業(株)
7466,ＳＰＫ(株)
6874,協立電機(株)
7030,(株)スプリックス
3133,(株)海帆
4410,ハリマ化成グループ(株)
9979,(株)大庄
2903,シノブフーズ(株)
9994,(株)やまや
9990,(株)サックスバー　ホールディングス
7675,セントラルフォレストグループ(株)
5285,(株)ヤマックス
2198,アイ・ケイ・ケイホールディングス(株)
9424,日本通信(株)
4933,(株)Ｉ－ｎｅ
9204,スカイマーク(株)
8089,ナイス(株)
5280,ヨシコン(株)
9216,ビーウィズ(株)
3075,(株)銚子丸
5139,オープンワーク(株)
3939,(株)カナミックネットワーク
3648,ＡＧＳ(株)
7554,(株)幸楽苑
4813,(株)ＡＣＣＥＳＳ
3662,(株)エイチームホールディングス
3023,ラサ商事(株)
9322,川西倉庫(株)
4977,新田ゼラチン(株)
4333,(株)東邦システムサイエンス
3853,アステリア(株)
7481,尾家産業(株)
5933,アルインコ(株)
2120,(株)ＬＩＦＵＬＬ
5721,(株)エス・サイエンス
7774,(株)ジャパン・ティッシュエンジニアリング
9332,ＮＩＳＳＯホールディングス(株)
6927,ヘリオス　テクノ　ホールディング(株)
3649,(株)ファインデックス
8076,(株)カノークス
8118,(株)キング
2936,ベースフード(株)
2378,(株)ルネサンス
2882,(株)イートアンドホールディングス
4563,アンジェス(株)
9171,栗林商船(株)
3103,ユニチカ(株)
9233,アジア航測(株)
7317,(株)松屋アールアンドディ
4979,ＯＡＴアグリオ(株)
2932,(株)ＳＴＩフードホールディングス
8537,(株)大光銀行
8093,極東貿易(株)
6565,ＡＢホテル(株)
6643,(株)戸上電機製作所
6566,(株)要興業
2134,北浜キャピタルパートナーズ(株)
1832,(株)北海電工
9283,日本再生可能エネルギーインフラ投資法人
9027,(株)ロジネットジャパン
3992,(株)ニーズウェル
1960,(株)サンテック
9850,(株)グルメ杵屋
3925,(株)ダブルスタンダード
6779,日本電波工業(株)
3055,(株)ほくやく・竹山ホールディングス
2163,(株)アルトナー
3484,(株)イノベーションホールディングス
2491,バリューコマース(株)
7273,(株)イクヨ
4371,(株)コアコンセプト・テクノロジー
6199,(株)セラク
8091,ニチモウ(株)
372A,(株)レント
3276,(株)ＪＰＭＣ
3696,(株)セレス
3834,(株)朝日ネット
7033,(株)マネジメントソリューションズ
2982,(株)ＡＤワークスグループ
3565,アセンテック(株)
7095,(株)Ｍａｃｂｅｅ　Ｐｌａｎｅｔ
6493,(株)ＮＩＴＴＡＮ
300A,ＭＩＣ(株)
9145,(株)ビーイングホールディングス
9059,カンダホールディングス(株)
3676,(株)デジタルハーツホールディングス
2700,木徳神糧(株)
8041,ＯＵＧホールディングス(株)
7299,フジオーゼックス(株)
3457,(株)Ａｎｄ　Ｄｏホールディングス
7115,(株)アルファパーチェス
3157,ジオリーブグループ(株)
3810,サイバーステップホールディングス(株)
4538,扶桑薬品工業(株)
6445,(株)ジャノメ
9553,(株)マイクロアド
3665,(株)エニグモ
8981,ジャパン・ホテル・アンド・リゾート投資法人
2497,ユナイテッド(株)
9996,(株)サトー商会
4113,田岡化学工業(株)
8085,ナラサキ産業(株)
6157,日進工具(株)
5015,ビーピー・カストロール(株)
9367,大東港運(株)
462A,(株)ＦＵＮＤＩＮＮＯ
3835,ｅＢＡＳＥ(株)
5852,(株)アーレスティ
3242,(株)アーバネットコーポレーション
4809,パラカ(株)
9799,旭情報サービス(株)
3529,アツギ(株)
8747,豊トラスティ証券(株)
6037,楽待(株)
5932,三協立山(株)
5142,アキレス(株)
8737,(株)あかつき本社
9612,(株)ラックランド
2445,(株)タカミヤ
4498,サイバートラスト(株)
5922,那須電機鉄工(株)
9163,(株)ナレルグループ
9702,(株)アイ・エス・ビー
6298,ワイエイシイホールディングス(株)
2892,日本食品化工(株)
7266,(株)今仙電機製作所
7318,セレンディップ・ホールディングス(株)
7643,(株)ダイイチ
7820,ニホンフラッシュ(株)
2884,(株)ヨシムラ・フード・ホールディングス
6167,冨士ダイス(株)
5724,(株)アサカ理研
3547,(株)串カツ田中ホールディングス
2477,手間いらず(株)
4635,東京インキ(株)
5246,(株)ＥＬＥＭＥＮＴＳ
3951,朝日印刷(株)
3068,(株)ＷＤＩ
5658,日亜鋼業(株)
6484,(株)ＫＶＫ
6050,イー・ガーディアン(株)
5132,(株)ｐｌｕｓｚｅｒｏ
3772,ウェルス・マネジメント(株)
2930,(株)北の達人コーポレーション
9046,神戸電鉄(株)
2112,塩水港精糖(株)
3417,大木ヘルスケアホールディングス(株)
3901,マークラインズ(株)
3166,ＯＣＨＩホールディングス(株)
7521,(株)ムサシ
414A,(株)オーバーラップホールディングス
6521,(株)オキサイド
3777,(株)環境フレンドリーホールディングス
2471,(株)エスプール
8917,ファースト住建(株)
2415,ヒューマンホールディングス(株)
1914,日本基礎技術(株)
3558,ジェイドグループ(株)
4668,(株)明光ネットワークジャパン
4228,積水化成品工業(株)
7727,(株)オーバル
6312,フロイント産業(株)
7417,(株)南陽
4889,(株)レナサイエンス
6073,(株)アサンテ
3850,(株)ＮＴＴデータイントラマート
2130,(株)メンバーズ
6294,オカダアイヨン(株)
3501,ＳＵＭＩＮＯＥ(株)
2806,ユタカフーズ(株)
8095,アステナホールディングス(株)
9312,ケイヒン(株)
6798,ＳＭＫ(株)
5918,瀧上工業(株)
6293,日精樹脂工業(株)
6540,(株)船場
9211,(株)エフ・コード
1867,(株)植木組
436A,サイバーソリューションズ(株)
2929,(株)ファーマフーズ
5269,日本コンクリート工業(株)
9651,日本プロセス(株)
6678,(株)テクノメディカ
9085,北海道中央バス(株)
6358,酒井重工業(株)
4231,タイガースポリマー(株)
6505,東洋電機製造(株)
431A,ユーソナー(株)
6232,(株)ＡＣＳＬ
8931,和田興産(株)
367A,プリモグローバルホールディングス(株)
3903,(株)ｇｕｍｉ
4344,ソースネクスト(株)
4493,(株)サイバーセキュリティクラウド
9765,(株)オオバ
9686,東洋テック(株)
8029,(株)ルックホールディングス
8999,グランディハウス(株)
9033,広島電鉄(株)
4998,フマキラー(株)
6853,(株)共和電業
7871,フクビ化学工業(株)
4620,藤倉化成(株)
3773,(株)アドバンスト・メディア
6076,(株)アメイズ
5388,クニミネ工業(株)
6562,(株)ジーニー
4599,(株)ステムリム
7254,(株)ユニバンス
3997,(株)トレードワークス
7621,(株)うかい
4425,Ｋｕｄａｎ(株)
7472,(株)鳥羽洋行
4994,大成ラミックグループ(株)
6039,(株)日本動物高度医療センター
5589,(株)オートサーバー
3415,(株)ＴＯＫＹＯ　ＢＡＳＥ
9257,ＹＣＰホールディングス（グローバル）
2204,(株)中村屋
3504,(株)丸八ホールディングス
8542,(株)トマト銀行
4320,(株)ＣＥホールディングス
6962,(株)大真空
4767,(株)テー・オー・ダブリュー
6262,(株)ＰＥＧＡＳＵＳ
9251,(株)ＡＢ＆Ｃｏｍｐａｎｙ
5816,オーナンバ(株)
3180,(株)ビューティガレージ
5018,(株)ＭＯＲＥＳＣＯ
9537,北陸ガス(株)
6571,キュービーネットホールディングス(株)
3640,(株)電算
9982,タキヒヨー(株)
3914,ＪＩＧ－ＳＡＷ(株)
2152,幼児活動研究会(株)
6405,鈴茂器工(株)
9074,日本石油輸送(株)
6918,(株)アバールデータ
1770,藤田エンジニアリング(株)
3361,(株)トーエル
3968,セグエグループ(株)
9338,(株)ＩＮＦＯＲＩＣＨ
5337,ダントーホールディングス(株)
3963,(株)シンクロ・フード
3154,メディアスホールディングス(株)
7991,マミヤ・オーピー(株)
7811,中本パックス(株)
7743,(株)シード
4053,(株)Ｓｕｎ　Ａｓｔｅｒｉｓｋ
5644,(株)メタルアート
2307,(株)クロスキャット
4418,(株)ＪＤＳＣ
7539,(株)アイナボホールディングス
5621,(株)ヒューマンテクノロジーズ
7320,Ｓｏｌｖｖｙ(株)
2924,イフジ産業(株)
7347,(株)マーキュリアホールディングス
6848,東亜ディーケーケー(株)
6224,(株)ＪＲＣ
4412,(株)サイエンスアーツ
1376,カネコ種苗(株)
4433,(株)ヒト・コミュニケーションズ・ホールディングス
7377,ＤＮホールディングス(株)
6613,(株)ＱＤレーザ
9227,マイクロ波化学(株)
7122,近畿車輛(株)
1850,南海辰村建設(株)
6616,トレックス・セミコンダクター(株)
7562,(株)安楽亭
3329,東和フードサービス(株)
2694,(株)焼肉坂井ホールディングス
3924,(株)ランドコンピュータ
5951,ダイニチ工業(株)
6317,(株)北川鉄工所
7094,(株)ＮｅｘＴｏｎｅ
7634,(株)星医療酸器
7927,ムトー精工(株)
3321,ミタチ産業(株)
9857,英和(株)
6203,豊和工業(株)
4575,(株)キャンバス
3454,ファーストブラザーズ(株)
297A,アルピコホールディングス(株)
9414,日本ＢＳ放送(株)
9221,フルハシＥＰＯ(株)
3096,(株)オーシャンシステム
2335,(株)キューブシステム
3300,(株)アンビション　ＤＸ　ホールディングス
7987,ナカバヤシ(株)
7699,オムニ・プラス・システム
5258,(株)トランザクション・メディア・ネットワークス
5941,(株)中西製作所
1981,(株)協和日成
8046,丸藤シートパイル(株)
5078,(株)セレコーポレーション
3541,(株)農業総合研究所
6928,(株)エノモト
6863,(株)ニレコ
5484,東北特殊鋼(株)
2983,(株)アールプランナー
6191,(株)エアトリ
8887,(株)シーラホールディングス
7235,東京ラヂエーター製造(株)
1491,中外鉱業(株)
3512,日本フエルト(株)
6255,(株)エヌ・ピー・シー
5537,(株)ＡｌｂａＬｉｎｋ
2193,クックパッド(株)
6159,ミクロン精密(株)
2334,(株)イオレ
9691,(株)両毛システムズ
7110,(株)クラシコム
2173,(株)博展
3513,イチカワ(株)
9818,大丸エナウィン(株)
3723,日本ファルコム(株)
3556,リネットジャパングループ(株)
1716,第一カッター興業(株)
6572,オープングループ(株)
274A,(株)ガーデン
6912,菊水ホールディングス(株)
4446,Ｌｉｎｋ－Ｕグループ(株)
6392,(株)ヤマダコーポレーション
7725,(株)インターアクション
6444,サンデン(株)
8383,(株)鳥取銀行
9306,東陽倉庫(株)
194A,(株)ＷＯＬＶＥＳ　ＨＡＮＤ
7646,(株)ＰＬＡＮＴ
1726,(株)ビーアールホールディングス
6797,名古屋電機工業(株)
4299,(株)ハイマックス
2937,(株)サンクゼール
9763,丸建リース(株)
5958,三洋工業(株)
2935,(株)ピックルスホールディングス
9986,蔵王産業(株)
1826,佐田建設(株)
9307,(株)杉村倉庫
4691,ワシントンホテル(株)
8908,(株)毎日コムネット
4409,東邦化学工業(株)
6194,(株)アトラエ
4434,(株)サーバーワークス
4350,(株)メディカルシステムネットワーク
7271,(株)安永
8030,中央魚類(株)
5885,(株)ジーデップ・アドバンス
5965,(株)フジマック
3800,(株)ユニリタ
3918,ＰＣＩホールディングス(株)
9034,南総通運(株)
9701,(株)東京會舘
5284,ヤマウホールディングス(株)
9704,(株)アゴーラホスピタリティーグループ
4263,サスメド(株)
6390,(株)加藤製作所
4448,(株)ｋｕｂｅｌｌ
2484,(株)出前館
6580,(株)ライトアップ
332A,ミーク(株)
2315,(株)ＣＡＩＣＡ　ＤＩＧＩＴＡＬ
6440,ＪＵＫＩ(株)
4978,(株)リプロセル
7068,フィードフォースグループ(株)
8023,ＤＡＩＫＯ　ＸＴＥＣＨ(株)
1431,(株)Ｌｉｂ　Ｗｏｒｋ
2991,(株)ランドネット
4482,(株)ウィルズ
5532,(株)リアルゲイト
2340,(株)極楽湯ホールディングス
5356,美濃窯業(株)
1798,(株)守谷商会
6882,(株)三社電機製作所
1892,徳倉建設(株)
3542,(株)ベガコーポレーション
7523,アールビバン(株)
7487,小津産業(株)
1787,(株)ナカボーテック
2586,(株)フルッタフルッタ
7908,ＫＩＭＯＴＯ
3168,(株)ＭＥＲＦ
4347,ブロードメディア(株)
9753,アイエックス・ナレッジ(株)
3683,(株)サイバーリンクス
1435,(株)ｒｏｂｏｔ　ｈｏｍｅ
7940,ウェーブロックホールディングス(株)
7999,ＭＵＴＯＨホールディングス(株)
7081,コーユーレンティア(株)
2354,(株)ＹＥ　ＤＩＧＩＴＡＬ
4026,神島化学工業(株)
3140,ＢＲＵＮＯ(株)
4465,(株)ニイタカ
7212,(株)エフテック
9248,人・夢・技術グループ(株)
7354,(株)ダイレクトマーケティングミックス
5590,(株)ネットスターズ
7775,大研医器(株)
9564,(株)ＦＣＥ
4957,ヤスハラケミカル(株)
3392,デリカフーズホールディングス(株)
6403,水道機工(株)
4960,ケミプロ化成(株)
7119,(株)ハルメクホールディングス
6393,油研工業(株)
7097,(株)さくらさくプラス
4811,(株)ドリーム・アーツ
6045,(株)レントラックス
1776,三井住建道路(株)
5079,(株)ノバック
9049,京福電気鉄道(株)
8349,(株)東北銀行
3954,昭和パックス(株)
6464,(株)ツバキ・ナカシマ
4574,大幸薬品(株)
4761,(株)さくらケーシーエス
9713,(株)ロイヤルホテル
155A,(株)情報戦略テクノロジー
4284,(株)ソルクシーズ
3467,アグレ都市デザイン(株)
9272,ブティックス(株)
378A,(株)ヒット
336A,ダイナミックマッププラットフォーム(株)
5955,(株)ワイズホールディングス
7849,スターツ出版(株)
6743,大同信号(株)
9408,(株)ＢＳＮメディアホールディングス
4875,メディシノバ
4495,(株)アイキューブドシステムズ
5137,(株)スマートドライブ
5586,(株)Ｌａｂｏｒｏ．ＡＩ
6955,ＦＤＫ(株)
5204,石塚硝子(株)
1717,明豊ファシリティワークス(株)
5892,(株)ｙｕｔｏｒｉ
2597,(株)ユニカフェ
3031,(株)ラクーンホールディングス
6035,(株)アイ・アールジャパンホールディングス
6210,ＴＯＹＯイノベックス(株)
6862,ミナトホールディングス(株)
7378,(株)アシロ
5282,ジオスター(株)
2970,ＧＬＣ　ＧＲＯＵＰ(株)
7358,(株)ポピンズ
7722,国際計測器(株)
6030,(株)アドベンチャー
9450,(株)ファイバーゲート
9168,(株)ライズ・コンサルティング・グループ
4570,(株)免疫生物研究所
8202,ラオックスホールディングス(株)
8918,(株)ランド
6047,(株)Ｇｕｎｏｓｙ
2816,(株)ダイショー
9249,日本エコシステム(株)
1966,(株)高田工業所
2904,一正蒲鉾(株)
5268,旭コンクリート工業(株)
6149,(株)小田原エンジニアリング
8927,(株)明豊エンタープライズ
4712,(株)ＫｅｙＨｏｌｄｅｒ
4055,ティアンドエスグループ(株)
7450,(株)サンデー
6730,(株)アクセル
7228,(株)デイトナ
1430,ファーストコーポレーション(株)
6337,(株)テセック
2410,(株)キャリアデザインセンター
3109,シキボウ(株)
7792,(株)コラントッテ
7416,(株)はるやまホールディングス
9351,東洋埠頭(株)
7050,(株)フロンティアインターナショナル
4584,キッズウェル・バイオ(株)
6488,(株)ヨシタケ
4838,スペースシャワーＳＫＩＹＡＫＩホールディングス(株)
6668,(株)アドテック　プラズマ　テクノロジー
6087,(株)アビスト
4222,児玉化学工業(株)
4238,ミライアル(株)
9428,(株)クロップス
1434,ＪＥＳＣＯホールディングス(株)
9554,(株)ＡＶｉＣ
3079,ディーブイエックス(株)
4080,(株)田中化学研究所
4441,トビラシステムズ(株)
6165,パンチ工業(株)
3460,ジャパン・シニアリビング投資法人
423A,(株)ライオン事務器
9890,(株)マキヤ
5599,Ｓ＆Ｊ(株)
6018,阪神内燃機工業(株)
2180,(株)サニーサイドアップグループ
5237,(株)ノザワ
7561,(株)ハークスレイ
9343,(株)アイビス
3447,信和(株)
5983,イワブチ(株)
366A,ウェルネス・コミュニケーションズ(株)
4800,オリコン(株)
3943,大石産業(株)
3294,(株)イーグランド
7247,(株)ミクニ
7608,(株)エスケイジャパン
5921,川岸工業(株)
5819,カナレ電気(株)
276A,ククレブ・アドバイザーズ(株)
9993,(株)ヤマザワ
3562,(株)Ｎｏ．１
3308,日本ヘルスケア投資法人
4366,ダイトーケミックス(株)
2689,オルバヘルスケアホールディングス(株)
3675,(株)クロス・マーケティンググループ
6356,日本ギア工業(株)
3937,(株)Ｕｂｉｃｏｍホールディングス
7885,タカノ(株)
3434,(株)アルファ
3030,(株)ハブ
2927,(株)ＡＦＣ－ＨＤアムスライフサイエンス
3236,(株)プロパスト
4093,東邦アセチレン(株)
4627,ナトコ(株)
4762,(株)エックスネット
3657,ポールトゥウィンホールディングス(株)
7600,(株)日本エム・ディ・エム
7686,(株)ひとまいる
352A,(株)ＬＯＩＶＥ
3444,(株)菊池製作所
1873,(株)日本ハウスホールディングス
8904,(株)ＡＶＡＮＴＩＡ
2981,(株)ランディックス
8898,(株)センチュリー２１・ジャパン
5869,(株)早稲田学習研究会
4011,(株)ヘッドウォータース
2224,(株)コモ
2428,ウェルネット(株)
7809,(株)壽屋
9407,(株)ＲＫＢ毎日ホールディングス
8127,ヤマト　インターナショナル(株)
9229,(株)サンウェルズ
4382,ＨＥＲＯＺ(株)
6291,日本エアーテック(株)
4479,(株)マクアケ
3175,(株)エー・ピーホールディングス
5578,ＡＲアドバンストテクノロジ(株)
9252,(株)ラストワンマイル
2169,ＣＤＳ(株)
5942,日本フイルコン(株)
4235,ウルトラファブリックス・ホールディングス(株)
7277,(株)ＴＢＫ
2686,(株)ジーフット
6492,岡野バルブ製造(株)
2818,(株)ピエトロ
4286,(株)ＣＬホールディングス
1450,ＴＡＮＡＫＥＮ(株)
272A,(株)グリーンクロスホールディングス
7841,(株)遠藤製作所
1433,ベステラ(株)
2652,(株)まんだらけ
9245,(株)リベロ
8563,(株)大東銀行
1807,(株)佐藤渡辺
3793,(株)ドリコム
7218,田中精密工業(株)
5071,(株)ヴィス
7161,(株)じもとホールディングス
6322,(株)タクミナ
4237,フジプレアム(株)
3900,(株)クラウドワークス
6161,(株)エスティック
4772,(株)ＳＭ　ＥＮＴＥＲＴＡＩＮＭＥＮＴ　ＪＡＰＡＮ
4169,ＥＮＥＣＨＡＮＧＥ(株)
369A,(株)エータイ
9731,(株)白洋舍
3544,サツドラホールディングス(株)
6044,(株)三機サービス
9325,ファイズホールディングス(株)
9193,東京汽船(株)
3418,(株)バルニバービ
2883,(株)大冷
7636,(株)ハンズマン
3435,サンコーテクノ(株)
9633,東京テアトル(株)
2338,クオンタムソリューションズ(株)
3420,(株)ケー・エフ・シー
4932,(株)アルマード
8945,サンネクスタグループ(株)
9380,東海運(株)
8365,(株)富山銀行
2485,(株)ティア
1897,金下建設(株)
3979,(株)うるる
6919,ケル(株)
6907,ジオマテック(株)
7713,シグマ光機(株)
407A,(株)ＵＮＩＣＯＮホールディングス
7879,(株)ノダ
4331,(株)テイクアンドギヴ・ニーズ
5588,ファーストアカウンティング(株)
6316,(株)丸山製作所
9636,(株)きんえい
8207,テンアライド(株)
5582,(株)グリッド
3633,ＧＭＯペパボ(株)
9560,(株)プログリット
5940,不二サッシ(株)
8705,日産証券グループ(株)
339A,プログレス・テクノロジーズ　グループ(株)
1844,(株)大盛工業
7614,(株)オーエムツーネットワーク
4644,イマジニア(株)
4667,アイサンテクノロジー(株)
8152,ソマール(株)
428A,サイプレス・ホールディングス(株)
5607,中央可鍛工業(株)
8105,Ｂｉｔｃｏｉｎ　Ｊａｐａｎ(株)
9337,(株)トリドリ
5984,兼房(株)
2344,平安レイサービス(株)
1401,(株)エムビーエス
1848,(株)富士ピー・エス
2901,(株)ウェルディッシュ
3277,(株)サンセイランディック
7670,オーウエル(株)
6091,(株)ウエスコホールディングス
1768,(株)ソネック
7692,(株)アースインフィニティ
6533,(株)Ｏｒｃｈｅｓｔｒａ　Ｈｏｌｄｉｎｇｓ
6561,(株)ＨＡＮＡＴＯＵＲ　ＪＡＰＡＮ
6748,星和電機(株)
8562,(株)福島銀行
1783,(株)ｆａｎｔａｓｉｓｔａ
5967,ＴＯＮＥ(株)
4642,オリジナル設計(株)
6658,シライ電子工業(株)
3189,(株)ＡＮＡＰホールディングス
3934,(株)ベネフィットジャパン
3020,アプライド(株)
7374,(株)コンフィデンス・インターワークス
4125,三和油化工業(株)
7444,ハリマ共和物産(株)
3799,キーウェアソリューションズ(株)
6082,(株)ライドオンエクスプレスホールディングス
3571,(株)ソトー
478A,(株)フツパー
1853,(株)森組
3353,(株)メディカル一光グループ
7822,永大産業(株)
3320,クロスプラス(株)
9846,(株)天満屋ストア
7776,(株)セルシード
4193,(株)ファブリカホールディングス
4346,(株)ＮＥＸＹＺ．Ｇｒｏｕｐ
8045,横浜丸魚(株)
7819,粧美堂(株)
3969,(株)エイトレッド
3804,(株)システム　ディ
5391,(株)エーアンドエーマテリアル
2489,(株)アドウェイズ
3991,ウォンテッドリー(株)
3776,(株)ブロードバンドタワー
8416,(株)高知銀行
4414,(株)フレクト
7227,アスカ(株)
8560,(株)宮崎太陽銀行
2332,(株)クエスト
7702,(株)ＪＭＳ
4367,広栄化学(株)
9698,(株)クレオ
4389,プロパティデータバンク(株)
8135,ゼット(株)
4192,スパイダープラス(株)
2321,(株)ソフトフロントホールディングス
4512,わかもと製薬(株)
8289,(株)Ｏｌｙｍｐｉｃグループ
3955,(株)イムラ
441A,ＮＥ(株)
5255,(株)モンスターラボ
3538,(株)ウイルプラスホールディングス
7795,(株)ＫＹＯＲＩＴＳＵ
9399,ビート・ホールディングス・リミテッド
7551,(株)ウェッズ
7445,(株)ライトオン
7514,(株)ヒマラヤ
4651,(株)サニックスホールディングス
4571,ＮＡＮＯ　ホールディングス(株)
2750,石光商事(株)
8190,(株)ヤマナカ
3021,(株)パシフィックネット
4392,ＦＩＧ(株)
9791,(株)ビケンテクノ
5136,ｔｒｉｐｌａ(株)
472A,(株)ミラティブ
3856,Ａｂａｌａｎｃｅ(株)
5570,(株)ジェノバ
6554,(株)エスユーエス
6870,日本フェンオール(株)
7781,(株)平山ホールディングス
3082,(株)きちりホールディングス
9959,アシードホールディングス(株)
4420,イーソル(株)
2993,(株)長栄
4248,竹本容器(株)
3641,(株)パピレス
9341,(株)ＧＥＮＯＶＡ
3911,(株)Ａｉｍｉｎｇ
5906,エムケー精工(株)
8165,(株)千趣会
9950,(株)ハチバン
7441,(株)Ｍｉｓｕｍｉ
3053,(株)ペッパーフードサービス
1436,(株)グリーンエナジー＆カンパニー
4308,(株)Ｊストリーム
9904,(株)ベリテ
4356,応用技術(株)
8769,(株)アドバンテッジリスクマネジメント
5187,クリエートメディック(株)
9311,アサガミ(株)
6904,原田工業(株)
4168,(株)ヤプリ
3080,(株)ジェーソン
2907,(株)あじかん
8104,クワザワホールディングス(株)
4488,ＡＩ　ｉｎｓｉｄｅ(株)
6228,(株)ジェイ・イー・ティ
4531,有機合成薬品工業(株)
1418,インターライフホールディングス(株)
4596,窪田製薬ホールディングス(株)
3063,(株)ジェイグループホールディングス
2162,ｎｍｓホールディングス(株)
6384,(株)昭和真空
5216,(株)倉元製作所
6208,(株)石川製作所
6176,(株)ブランジスタ
7875,竹田ｉＰホールディングス(株)
5034,(株)ｕｎｅｒｒｙ
3004,神栄(株)
6239,(株)ナガオカ
6180,ＧＭＯメディア(株)
6230,ＳＡＮＥＩ(株)
7698,(株)アイスコ
8398,(株)筑邦銀行
3926,(株)オープンドア
7887,南海プライウッド(株)
1905,(株)テノックス
5248,(株)テクノロジーズ
4376,(株)くふうカンパニーホールディングス
6769,ザインエレクトロニクス(株)
6156,(株)エーワン精密
9888,(株)ＵＥＸ
4317,(株)レイ
2708,(株)久世
7084,(株)Ｓｍｉｌｅ　Ｈｏｌｄｉｎｇｓ
7898,(株)ウッドワン
7490,日新商事(株)
7610,(株)テイツー
5971,(株)共和工業所
7022,サノヤスホールディングス(株)
6560,(株)エル・ティー・エス
2798,(株)ワイズテーブルコーポレーション
6998,日本タングステン(株)
4031,片倉コープアグリ(株)
1718,美樹工業(株)
4175,(株)ｃｏｌｙ
4374,(株)ＲＯＢＯＴ　ＰＡＹＭＥＮＴ
5915,(株)駒井ハルテック
6772,東京コスモス電機(株)
7565,萬世電機(株)
1447,ＳＡＡＦホールディングス(株)
2764,(株)ひらまつ
5368,日本インシュレーション(株)
6094,(株)フリークアウト・ホールディングス
6615,ユー・エム・シー・エレクトロニクス(株)
3912,(株)モバイルファクトリー
7963,興研(株)
4936,(株)アクシージア
7442,中山福(株)
9980,ＭＲＫホールディングス(株)
6568,神戸天然物化学(株)
7486,サンリン(株)
7082,(株)ジモティー
5888,ＤＡＩＷＡ　ＣＹＣＬＥ(株)
3551,ダイニック(株)
5244,(株)ｊｉｇ．ｊｐ
9445,(株)フォーバルテレコム
1997,暁飯島工業(株)
9063,岡山県貨物運送(株)
4430,東海ソフト(株)
3892,(株)岡山製紙
6402,兼松エンジニアリング(株)
6557,ＡＩＡＩグループ(株)
4256,(株)サインド
4234,(株)サンエー化研
4245,(株)ダイキアクシス
2440,(株)ぐるなび
4054,日本情報クリエイト(株)
8107,(株)キムラタン
6286,靜甲(株)
9360,鈴与シンワート(株)
1420,サンヨーホームズ(株)
3184,ＩＣＤＡホールディングス(株)
6819,伊豆シャボテンリゾート(株)
4524,森下仁丹(株)
3070,(株)ジェリービーンズグループ
7264,(株)ムロコーポレーション
4442,バルテス・ホールディングス(株)
156A,マテリアルグループ(株)
5259,ＢＢＤイニシアティブ(株)
6899,ＡＳＴＩ(株)
5527,(株)ｐｒｏｐｅｒｔｙ　ｔｅｃｈｎｏｌｏｇｉｅｓ
6497,(株)ハマイ
4224,ロンシール工業(株)
190A,Ｃｈｏｒｄｉａ　Ｔｈｅｒａｐｅｕｔｉｃｓ(株)
7635,杉田エース(株)
5891,(株)魁力屋
4935,(株)リベルタ
2813,和弘食品(株)
2323,(株)ｆｏｎｆｕｎ
9761,東海リース(株)
7673,ダイコー通産(株)
2735,(株)ワッツ
3695,ＧＭＯプロダクトプラットフォーム(株)
9170,成友興業(株)
3323,レカム(株)
2436,共同ピーアール(株)
5572,(株)Ｒｉｄｇｅ－ｉ
4406,新日本理化(株)
8554,(株)南日本銀行
6327,北川精機(株)
9872,北恵(株)
2877,日東ベスト(株)
2668,タビオ(株)
7087,(株)ウイルテック
9285,東京インフラ・エネルギー投資法人
9475,(株)昭文社ホールディングス
8783,ａｂｃ(株)
8039,築地魚市場(株)
9262,(株)シルバーライフ
4262,ニフティライフスタイル(株)
2303,(株)ドーン
7494,(株)コナカ
6031,ＺＥＴＡ(株)
3423,(株)エスイー
7682,(株)浜木綿
2122,(株)インタースペース
9780,(株)ハリマビステム
9558,ジャパニアス(株)
4176,(株)ココナラ
7134,(株)アップガレージグループ
9130,共栄タンカー(株)
7291,日本プラスト(株)
7061,日本ホスピスホールディングス(株)
4888,ステラファーマ(株)
3374,内外テック(株)
9867,ソレキア(株)
7133,ＨＹＵＧＡ　ＰＲＩＭＡＲＹ　ＣＡＲＥ(株)
7196,(株)Ｃａｓａ
6619,ダブル・スコープ(株)
4100,戸田工業(株)
5660,神鋼鋼線工業(株)
160A,(株)アズパートナーズ
5476,日本高周波鋼業(株)
3671,ソフトマックス(株)
5871,ＳＯＬＩＺＥ　Ｈｏｌｄｉｎｇｓ(株)
7135,ジャパンクラフトホールディングス(株)
8147,(株)トミタ
6597,ＨＰＣシステムズ(株)
463A,(株)インテリックスホールディングス
254A,ＡＩフュージョンキャピタルグループ(株)
7435,(株)ナ・デックス
7096,(株)ステムセル研究所
4264,(株)セキュア
7049,(株)識学
7371,Ｚｅｎｋｅｎ(株)
3160,(株)大光
4395,(株)アクリート
2391,(株)プラネット
9679,ホウライ(株)
9973,ＫＯＺＯホールディングス(株)
6069,トレンダーズ(株)
8119,(株)三栄コーポレーション
2370,(株)メディネット
6229,(株)オーケーエム
9930,北沢産業(株)
6059,(株)ウチヤマホールディングス
9265,ヤマシタヘルスケアホールディングス(株)
416A,富士ユナイトホールディングス(株)
9051,センコン物流(株)
2916,仙波糖化工業(株)
3904,(株)カヤック
6858,(株)小野測器
6864,(株)エヌエフホールディングス
3123,サイボー(株)
9218,(株)メンタルヘルステクノロジーズ
9206,(株)スターフライヤー
4890,(株)坪田ラボ
7434,(株)オータケ
9827,リリカラ(株)
8144,(株)デンキョーグループホールディングス
3560,(株)ほぼ日
4564,オンコセラピー・サイエンス(株)
7065,ユーピーアール(株)
9776,札幌臨床検査センター(株)
9264,ポエック(株)
9017,新潟交通(株)
3878,(株)巴川コーポレーション
7677,(株)ヤシマキザイ
5923,高田機工(株)
479A,ＰＲＯＮＩ(株)
9664,(株)御園座
3396,(株)フェリシモ
2488,ＪＴＰ(株)
2551,マルサンアイ(株)
7368,表示灯(株)
4896,(株)ケイファーマ
5367,(株)ニッカトー
4769,(株)ＩＣ
4572,カルナバイオサイエンス(株)
7343,ブロードマインド(株)
7367,(株)セルム
4397,(株)チームスピリット
7619,田中商事(株)
6338,(株)タカトリ
6346,キクカワエンタープライズ(株)
338A,(株)ＺｅｎｍｕＴｅｃｈ
5591,(株)ＡＶＩＬＥＮ
7425,初穂商事(株)
7938,(株)リーガルコーポレーション
6093,(株)エスクロー・エージェント・ジャパン
264A,(株)Ｓｃｈｏｏ
4015,ペイクラウドホールディングス(株)
2919,(株)マルタイ
3386,コスモ・バイオ(株)
4880,セルソース(株)
4629,大伸化学(株)
3981,(株)ビーグリー
4597,ソレイジア・ファーマ(株)
8226,(株)理経
6343,フリージア・マクロス(株)
9514,(株)エフオン
3246,(株)コーセーアールイー
6495,(株)宮入バルブ製作所
2183,(株)リニカル
9162,(株)ブリーチ
3134,Ｈａｍｅｅ(株)
4754,(株)トスネット
3691,(株)デジタルプラス
4594,ブライトパス・バイオ(株)
4623,(株)アサヒペン
7624,(株)ＮａＩＴＯ
5194,相模ゴム工業(株)
2138,クルーズ(株)
3069,(株)ＪＦＬＡホールディングス
9160,(株)ノバレーゼ
4752,(株)昭和システムエンジニアリング
4583,(株)カイオム・バイオサイエンス
3750,(株)ＡＤＲ１２０Ｓ
6033,(株)エクストリーム
2934,ジェイフロンティア(株)
6428,(株)オーイズミ
2311,(株)エプコ
153A,(株)カウリス
9471,(株)文溪堂
9446,(株)サカイホールディングス
7950,日本デコラックス(株)
9723,(株)京都ホテル
415A,ＧＭＯ　ＴＥＣＨホールディングス(株)
7604,(株)梅の花グループ
2769,(株)ヴィレッジヴァンガードコーポレーション
3135,(株)マーケットエンタープライズ
7461,(株)キムラ
4415,(株)ブロードエンタープライズ
7192,日本モーゲージサービス(株)
6042,(株)ニッキ
3848,(株)データ・アプリケーション
9313,丸八倉庫(株)
8798,(株)アドバンスクリエイト
5998,(株)アドバネクス
7923,トーイン(株)
5994,(株)ファインシンター
2330,(株)フォーサイド
5979,カネソウ(株)
7039,ブリッジインターナショナルグループ(株)
3446,(株)ジェイテックコーポレーション
6189,(株)グローバルキッズＣＯＭＰＡＮＹ
2186,ソーバル(株)
6570,(株)共和コーポレーション
7674,(株)ＮＡＴＴＹ　ＳＷＡＮＫＹホールディングス
6111,旭精機工業(株)
5903,ＳＨＩＮＰＯ(株)
4040,南海化学(株)
3948,光ビジネスフォーム(株)
3652,(株)ディジタルメディアプロフェッショナル
6267,ゼネラルパッカー(株)
3823,ＴＨＥ　ＷＨＹ　ＨＯＷ　ＤＯ　ＣＯＭＰＡＮＹ(株)
7325,(株)アイリックコーポレーション
7603,ジーイエット(株)
4624,イサム塗料(株)
4177,(株)ｉ－ｐｌｕｇ
3121,マーチャント・バンカーズ(株)
3719,ＡＩストーム(株)
245A,(株)ＩＮＧＳ
2055,日和産業(株)
480A,(株)リブ・コンサルティング
6513,(株)オリジン
5381,マイポックス(株)
4450,(株)パワーソリューションズ
9340,(株)アソインターナショナル
253A,(株)ＥＴＳグループ
291A,(株)リスキル
1992,神田通信機(株)
410A,ＧＭＯコマース(株)
6538,(株)ディスラプターズ
7872,エステールホールディングス(株)
4539,日本ケミファ(株)
6466,(株)ＴＶＥ
4056,ニューラルグループ(株)
9720,(株)ホテル、ニューグランド
7213,レシップホールディングス(株)
2776,新都ホールディングス(株)
7833,(株)アイフィスジャパン
7590,(株)タカショー
6654,不二電機工業(株)
8071,東海エレクトロニクス(株)
8746,ｕｎｂａｎｋｅｄ(株)
5576,(株)オービーシステム
365A,伊澤タオル(株)
8835,太平洋興発(株)
9903,(株)カンセキ
4360,(株)マナック・ケミカル・パートナーズ
5695,パウダーテック(株)
2404,(株)鉄人化ホールディングス
8700,丸八証券(株)
6022,(株)赤阪鐵工所
3280,(株)エストラスト
9478,ＳＥホールディングス・アンド・インキュベーションズ(株)
7040,(株)サン・ライフホールディング
9173,東海汽船(株)
9036,東部ネットワーク(株)
173A,(株)ハンモック
6185,ＳＭＮ(株)
6142,富士精工(株)
5843,ニッポンインシュア(株)
4436,(株)ミンカブ・ジ・インフォノイド
9127,玉井商船(株)
7048,ベルトラ(株)
7794,(株)イーディーピー
4586,(株)メドレックス
9082,大和自動車交通(株)
7297,(株)カーメイト
9876,(株)コックス
177A,コージンバイオ(株)
5533,(株)エリッツホールディングス
9223,(株)ＡＳＮＯＶＡ
3495,香陵住販(株)
7509,アイエーグループ(株)
2286,林兼産業(株)
3566,ユニフォームネクスト(株)
6166,(株)中村超硬
4891,(株)ティムス
7038,フロンティア・マネジメント(株)
8115,ムーンバット(株)
2438,(株)アスカネット
4440,(株)ヴィッツ
4845,(株)スカラ
8077,トルク(株)
7175,今村証券(株)
3083,スターシーズ(株)
8594,中道リース(株)
7771,日本精密(株)
5491,日本金属(株)
4925,(株)ハーバー研究所
3440,日創グループ(株)
7079,ＷＤＢココ(株)
2195,アミタホールディングス(株)
9060,日本ロジテム(株)
206A,(株)ＰＲＩＳＭ　ＢｉｏＬａｂ
4398,(株)ブロードバンドセキュリティ
8891,ＡＭＧホールディングス(株)
5817,ＪＭＡＣＳ(株)
3241,(株)ウィル
3143,オーウイル(株)
9927,(株)ワットマン
343A,(株)ＩＡＣＥトラベル
1758,太洋基礎工業(株)
2984,ヤマイチエステート(株)
7602,(株)レダックス
7506,(株)ハウス　オブ　ローゼ
9246,(株)プロジェクトホールディングス
4833,(株)Ｄｅｆ　ｃｏｎｓｕｌｔｉｎｇ
6551,(株)ツナググループ・ホールディングス
2385,(株)総医研ホールディングス
5597,ブルーイノベーション(株)
4476,ＡＩ　ＣＲＯＳＳ(株)
7883,サンメッセ(株)
2136,(株)ヒップ
6546,フルテック(株)
3628,(株)データホライゾン
4019,(株)スタメン
4892,(株)サイフューズ
6391,(株)加地テック
6494,(株)ＮＦＫホールディングス
4012,(株)アクシス
4379,(株)Ｐｈｏｔｏｓｙｎｔｈ
5956,トーソー(株)
3623,ビリングシステム(株)
7812,(株)クレステック
7034,(株)プロレド・パートナーズ
2483,(株)翻訳センター
6336,(株)石井表記
8894,(株)ＲＥＶＯＬＵＴＩＯＮ
205A,(株)ロゴスホールディングス
6158,(株)和井田製作所
2373,(株)ケア２１
5571,エキサイトホールディングス(株)
4929,(株)アジュバンホールディングス
5596,アウトルックコンサルティング(株)
4380,(株)Ｍマート
6171,(株)土木管理総合試験所
3293,アズマハウス(株)
1841,サンユー建設(株)
2894,石井食品(株)
9656,グリーンランドリゾート(株)
2796,ファーマライズホールディングス(株)
5026,(株)トリプルアイズ
9625,(株)セレスポ
5966,ＫＴＣ(株)
3940,(株)ノムラシステムコーポレーション
7707,プレシジョン・システム・サイエンス(株)
2480,システム・ロケーション(株)
3173,(株)Ｃｏｍｉｎｉｘ
1446,(株)キャンディル
3758,(株)アエリア
7531,清和中央ホールディングス(株)
3267,(株)フィル・カンパニー
9346,(株)ココルポート
3131,シンデン・ハイテックス(株)
4934,プレミアアンチエイジング(株)
4976,東洋ドライルーブ(株)
3377,(株)バイク王＆カンパニー
4893,ノイルイミューン・バイオテック(株)
4556,(株)カイノス
6721,ウインテスト(株)
324A,(株)ブッキングリゾート
8230,(株)はせがわ
3988,(株)ＳＹＳホールディングス
7089,フォースタートアップス(株)
4990,昭和化学工業(株)
4491,コンピューターマネージメント(株)
5936,東洋シヤッター(株)
2293,滝沢ハム(株)
7080,(株)スポーツフィールド
151A,(株)ダイブ
4287,(株)ジャストプランニング
5283,(株)高見澤
2654,(株)アスモ
4119,(株)日本ピグメントホールディングス
3698,(株)ＣＲＩ・ミドルウェア
3066,(株)ＪＢイレブン
8742,(株)小林洋行
4261,アジアクエスト(株)
7370,(株)Ｅｎｊｉｎ
7916,光村印刷(株)
9643,中日本興業(株)
3065,(株)ライフフーズ
5612,日本鋳鉄管(株)
7857,セキ(株)
7695,(株)交換できるくん
7681,(株)レオクラン
5129,(株)ＦＩＸＥＲ
4060,ｒａｋｕｍｏ(株)
9853,(株)銀座ルノアール
6049,(株)イトクロ
4777,(株)ガーラ
4490,(株)ビザスク
7256,河西工業(株)
2411,ゲンダイエージェンシー(株)
475A,(株)ギミック
386A,(株)みのや
4386,(株)ＳＩＧグループ
9355,(株)リンコーコーポレーション
6942,(株)ソフィアホールディングス
7804,(株)ビーアンドピー
1840,(株)土屋ホールディングス
6292,(株)カワタ
9271,(株)和心
5753,日本伸銅(株)
3815,(株)メディア工房
6888,アクモス(株)
9976,(株)セキチュー
7138,(株)ＴＯＲＩＣＯ
3113,(株)ＵＮＩＶＡ・Ｏａｋホールディングス
9885,(株)シャルレ
1438,(株)岐阜造園
2437,Ｓｈｉｎｗａ　Ｗｉｓｅ　Ｈｏｌｄｉｎｇｓ(株)
7060,ギークス(株)
6182,(株)メタリアル
7208,(株)カネミツ
7075,(株)ＱＬＳホールディングス
6433,ヒーハイスト(株)
7427,エコートレーディング(株)
6964,(株)サンコー
3807,(株)フィスコ
7980,(株)重松製作所
145A,(株)Ｌ　ｉｓ　Ｂ
3441,(株)山王
9361,伏木海陸運送(株)
6408,小倉クラッチ(株)
7726,黒田精工(株)
6360,(株)東京自働機械製作所
3747,(株)インタートレード
6325,(株)タカキタ
2408,(株)ＫＧ情報
4496,(株)コマースＯｎｅホールディングス
5870,(株)ナルネットコミュニケーションズ
7527,(株)システムソフト
8145,中部水産(株)
6778,(株)アルチザネットワークス
2454,(株)オールアバウト
8944,(株)ランドビジネス
6901,澤藤電機(株)
3359,(株)ｃｏｔｔａ
3437,特殊電極(株)
4486,ユナイトアンドグロウ(株)
3686,(株)ディー・エル・イー
5133,(株)テリロジーホールディングス
3537,昭栄薬品(株)
4576,(株)デ・ウエスタン・セラピテクス研究所
7808,(株)シー・エス・ランバー
7501,(株)ティムコ
6822,大井電気(株)
4372,ユミルリンク(株)
8260,(株)井筒屋
3920,アイビーシー(株)
4074,(株)ラキール
3422,(株)Ｊ－ＭＡＸ
3826,(株)システムインテグレータ
2961,日本調理機(株)
6734,(株)ニューテック
9219,(株)ギックス
6699,ダイヤモンドエレクトリックホールディングス(株)
8025,(株)ツカモトコーポレーション
6757,(株)ＯＳＧコーポレーション
7902,(株)ソノコム
4625,アトミクス(株)
4492,(株)ゼネテック
4883,(株)モダリス
5699,(株)イボキン
9366,(株)サンリツ
4926,(株)シーボン
9282,いちごグリーンインフラ投資法人
7126,グローバルスタイル(株)
6612,バルミューダ(株)
2341,(株)アルバイトタイムス
2978,(株)ツクルバ
3936,(株)グローバルウェイ
7118,(株)伸和ホールディングス
3426,アトムリビンテック(株)
7538,(株)大水
9647,(株)協和コンサルタンツ
5939,(株)大谷工業
5542,新報国マテリアル(株)
4076,(株)シイエヌエス
4172,Ｈｉクラテス(株)
6543,(株)日宣
5189,櫻護謨(株)
8617,光世証券(株)
3933,チエル(株)
2304,(株)ＣＳＳホールディングス
4582,シンバイオ製薬(株)
6155,高松機械工業(株)
4069,(株)ＢｌｕｅＭｅｍｅ
3917,(株)アイリッジ
6081,アライドアーキテクツ(株)
2449,(株)プラップジャパン
3845,(株)アイフリークモバイル
3286,トラストホールディングス(株)
6380,オリエンタルチエン工業(株)
6731,(株)ピクセラ
6307,サンセイ(株)
4270,(株)ＢｅｅＸ
3726,(株)フォーシーズＨＤ
8138,三京化成(株)
6342,(株)太平製作所
1383,ベルグアース(株)
7091,(株)リビングプラットフォーム
3839,(株)ＯＤＫソリューションズ
1994,高橋カーテンウォール工業(株)
330A,(株)ＴａｌｅｎｔＸ
4484,ランサーズ(株)
3625,テックファームホールディングス(株)
5884,(株)クラダシ
7120,(株)ＳＨＩＮＫＯ
4728,(株)トーセ
6060,こころネット(株)
9385,(株)ショーエイコーポレーション
7351,(株)グッドパッチ
4937,(株)Ｗａｑｏｏ
7127,(株)一家ホールディングス
4673,川崎地質(株)
5031,モイ(株)
2342,(株)トランスジェニックグループ
280A,(株)ＴＭＨ
5446,北越メタル(株)
6838,(株)多摩川ホールディングス
9235,売れるネット広告社グループ(株)
3172,ティーライフ(株)
5900,(株)ダイケン
3841,(株)ジーダット
2795,日本プリメックス(株)
5075,アップコン(株)
7953,菊水化学工業(株)
3058,(株)三洋堂ホールディングス
3187,(株)ミラタップ
7021,(株)ニッチツ
2375,ギグワークス(株)
7361,(株)ヒューマンクリエイションホールディングス
6092,(株)エンバイオ・ホールディングス
3169,(株)ミサワ
5953,昭和鉄工(株)
3024,クリエイト(株)
7918,(株)ヴィア・ホールディングス
244A,グロースエクスパートナーズ(株)
3965,(株)キャピタル・アセット・プランニング
6664,(株)オプトエレクトロニクス
2788,アップルインターナショナル(株)
3557,ユナイテッド＆コレクティブ(株)
7214,ＧＭＢ(株)
1443,技研ホールディングス(株)
4428,(株)シノプス
4075,ブレインズテクノロジー(株)
3682,エンカレッジ・テクノロジ(株)
7975,(株)リヒトラブ
3896,阿波製紙(株)
6771,池上通信機(株)
6634,(株)ネクスグループ
5697,(株)サンユウ
7150,(株)島根銀行
5033,(株)ヌーラボ
6038,(株)イード
248A,(株)キッズスター
2464,(株)Ａｏｂａ－ＢＢＴ
1771,日本乾溜工業(株)
4445,リビン・テクノロジーズ(株)
2218,日糧製パン(株)
3766,システムズ・デザイン(株)
2179,(株)成学社
3622,ネットイヤーグループ(株)
4645,(株)市進ホールディングス
9073,京極運輸商事(株)
3927,(株)フーバーブレイン
6085,アーキテクツ・スタジオ・ジャパン(株)
3935,(株)エディア
9326,(株)関通
6518,三相電機(株)
4242,(株)タカギセイコー
2376,(株)サイネックス
8518,日本アジア投資(株)
7919,野崎印刷紙業(株)
2058,(株)ヒガシマル
9929,平和紙業(株)
4591,(株)リボミック
3945,スーパーバッグ(株)
3521,テルマー湯ホールディングス(株)
9344,アクシスコンサルティング(株)
3317,(株)フライングガーデン
5990,(株)スーパーツール
476A,辻・本郷ＩＴコンサルティング(株)
7353,ＫＩＹＯラーニング(株)
7847,(株)グラファイトデザイン
4829,日本エンタープライズ(株)
7357,(株)ジオコード
228A,(株)オプロ
7131,のむら産業(株)
9778,(株)昴
2345,(株)クシム
9259,(株)タカヨシホールディングス
9362,兵機海運(株)
5603,虹技(株)
3944,古林紙工(株)
3840,パス(株)
7066,(株)ピアズ
9159,(株)Ｗ　ＴＯＫＹＯ
6836,ぷらっとホーム(株)
6334,明治機械(株)
6396,(株)宇野澤組鐵工所
7399,(株)ナンシン
3768,リスクモンスター(株)
6897,(株)ツインバード
4437,ｇｏｏｄｄａｙｓホールディングス(株)
2999,ホームポジション(株)
4334,(株)ユークス
9969,(株)ショクブン
6549,ディーエムソリューションズ(株)
2917,(株)大森屋
3760,(株)ケイブ
9854,愛眼(株)
3490,(株)アズ企画設計
5279,日本興業(株)
4429,リックソフト(株)
460A,ＢＲＡＮＵ(株)
6776,天昇電気工業(株)
3653,(株)モルフォ
6926,岡谷電機産業(株)
4351,(株)山田再生系債権回収総合事務所
3204,(株)トーア紡コーポレーション
4750,(株)ダイサン
7544,(株)スリーエフ
8721,ベンチャー・リヴァイタライズ証券投資法人
7265,エイケン工業(株)
5355,日本ルツボ(株)
335A,(株)ミライロ
7058,共栄セキュリティーサービス(株)
6072,地盤ネットホールディングス(株)
5997,協立エアテック(株)
6335,(株)東京機械製作所
6599,エブレン(株)
5986,モリテック　スチール(株)
4255,ＴＨＥＣＯＯ(株)
6837,(株)京写
7112,(株)キューブ
3816,(株)大和コンピューター
5010,日本精蝋(株)
2493,イーサポートリンク(株)
3744,サイオス(株)
5029,サークレイス(株)
5742,エヌアイシ・オートテック(株)
9212,Ｇｒｅｅｎ　Ｅａｒｔｈ　Ｉｎｓｔｉｔｕｔｅ(株)
7515,(株)マルヨシセンター
211A,(株)カドス・コーポレーション
7502,(株)プラザホールディングス
9972,アルテック(株)
2911,旭松食品(株)
6840,(株)ＡＫＩＢＡホールディングス
6424,(株)高見沢サイバネティックス
3727,(株)アプリックス
483A,テラテクノロジー(株)
3045,(株)カワサキ
5138,(株)Ｒｅｂａｓｅ
3195,(株)ジェネレーションパス
5287,(株)イトーヨーギョー
5868,(株)ロココ
3680,(株)ホットリンク
331A,(株)メディックス
3059,ヒラキ(株)
4274,細谷火工(株)
442A,クラシコ(株)
7807,(株)幸和製作所
5343,ニッコー(株)
3224,(株)ゼネラル・オイスター
4615,神東塗料(株)
1795,(株)マサル
7284,盟和産業(株)
7037,(株)テノ．ホールディングス
9835,(株)ジュンテンドー
2215,第一屋製パン(株)
3851,(株)日本一ソフトウェア
192A,インテグループ(株)
241A,(株)ＲＯＸＸ
3190,(株)ホットマン
1380,(株)秋川牧園
8040,(株)東京ソワール
3469,(株)デュアルタップ
4171,(株)グローバルインフォメーション
373A,(株)リップス
7863,(株)平賀
7078,ＩＮＣＬＵＳＩＶＥ　Ｈｏｌｄｉｎｇｓ(株)
3858,(株)ユビキタスＡＩ
7217,(株)テイン
265A,Ｈｍｃｏｍｍ(株)
3583,オーベクス(株)
9417,(株)スマートバリュー
7625,(株)グローバルダイニング
7571,(株)ヤマノホールディングス
2876,(株)デルソーレ
3524,日東製網(株)
6195,(株)ホープ
6265,コンバム(株)
7555,(株)大田花き
6090,ヒューマン・メタボローム・テクノロジーズ(株)
3185,夢展望(株)
4098,チタン工業(株)
7443,横浜魚類(株)
5867,(株)エスネットワークス
2747,北雄ラッキー(株)
5609,日本鋳造(株)
4840,(株)トライアイズ
3067,(株)東京一番フーズ
3238,セントラル総合開発(株)
7044,(株)ピアラ
3967,(株)エルテス
3409,(株)北紡
7114,(株)フーディソン
9353,櫻島埠頭(株)
148A,(株)ハッチ・ワーク
157A,グリーンモンスター(株)
7793,(株)イメージ・マジック
3161,アゼアス(株)
2196,(株)エスクリ
3260,(株)エスポア
4705,(株)クリップコーポレーション
6943,ＮＫＫスイッチズ(株)
3536,アクサスホールディングス(株)
2762,(株)ＳＡＮＫＯ　ＭＡＲＫＥＴＩＮＧ　ＦＯＯＤＳ
2962,(株)テクニスコ
3672,(株)オルトプラス
3202,ダイトウボウ(株)
6666,リバーエレテック(株)
7694,(株)いつも
4885,室町ケミカル(株)
3474,Ｇ－ＦＡＣＴＯＲＹ(株)
7111,ＩＮＥＳＴ(株)
2667,(株)イメージ　ワン
5250,プライム・ストラテジー(株)
1764,工藤建設(株)
6347,(株)プラコー
5257,ノバシステム(株)
8996,(株)ハウスフリーダム
6225,(株)エコム
2481,(株)タウンニュース社
9561,(株)グラッドキューブ
7805,プリントネット(株)
3796,(株)いい生活
3352,(株)バッファロー
288A,ラクサス・テクノロジーズ(株)
2424,(株)ブラス
418A,ウリドキ(株)
3681,(株)ブイキューブ
4391,ロジザード(株)
4199,ワンダープラネット(株)
377A,(株)エージェントＩＧホールディングス
9820,エムティジェネックス(株)
3690,(株)イルグルム
7446,東北化学薬品(株)
4198,(株)テンダ
3035,ケイティケイ(株)
6217,津田駒工業(株)
6034,ＭＲＴ(株)
7314,(株)小田原機器
8938,グローム・ホールディングス(株)
4170,(株)Ｋａｉｚｅｎ　Ｐｌａｔｆｏｒｍ
4827,ビジネス・ワンホールディングス(株)
6181,タメニー(株)
7859,(株)アルメディオ
3461,(株)パルマ
6659,(株)メディアリンクス
7036,(株)イーエムネットジャパン
7057,(株)エヌ・シー・エヌ
4487,(株)スペースマーケット
1724,シンクレイヤ(株)
6655,東洋電機(株)
3674,(株)オークファン
6633,(株)ＣＧＳホールディングス
5125,(株)ファインズ
4882,(株)ペルセウスプロテオミクス
6545,(株)インターネットインフィニティー
6662,(株)ユビテック
1788,(株)三東工業社
7069,(株)サイバー・バズ
9476,(株)中央経済社ホールディングス
4881,(株)ファンペップ
9562,ビジネスコーチ(株)
5858,(株)ＳＴＧ
7359,(株)東京通信グループ
3577,東海染工(株)
5973,(株)トーアミ
7215,(株)ファルテック
4260,(株)ハイブリッドテクノロジーズ
7791,ドリームベッド(株)
3177,(株)ありがとうサービス
5950,日本パワーファスニング(株)
3913,ＧｒｅｅｎＢｅｅ(株)
7219,(株)エッチ・ケー・エス
6635,(株)大日光・エンジニアリング
3077,ホリイフードサービス(株)
3996,サインポスト(株)
4247,ポバール興業(株)
3895,ハビックス(株)
3326,(株)ランシステム
9237,(株)笑美面
6563,(株)みらいワークス
3266,(株)ファンドクリエーショングループ
3477,フォーライフ(株)
7072,(株)インティメート・マージャー
4736,日本ラッド(株)
4494,バリオセキュア(株)
5271,(株)トーヨーアサノ
6578,(株)コレックホールディングス
6218,エンシュウ(株)
3607,(株)クラウディアホールディングス
7687,(株)ミクリード
4316,(株)ビーマップ
3958,笹徳印刷(株)
7922,三光産業(株)
4422,ＶＡＬＵＥＮＥＸ(株)
5575,(株)Ｇｌｏｂｅｅ
7992,セーラー万年筆(株)
3138,(株)富士山マガジンサービス
3358,Ｔｒａｉｌｈｅａｄ　Ｇｌｏｂａｌ　Ｈｏｌｄｉｎｇｓ(株)
5028,セカンドサイトアナリティカ(株)
5103,昭和ホールディングス(株)
9388,(株)パパネッツ
9327,(株)イー・ロジット
4664,ＲＳＣ
3439,(株)三ツ知
5458,高砂鐵工(株)
7782,(株)シンシア
2425,(株)ケアサービス
9849,(株)共同紙販ホールディングス
7983,(株)ミロク
7046,ＴＤＳＥ(株)
7894,丸東産業(株)
7063,(株)Ｂｉｒｄｍａｎ
4102,丸尾カルシウム(株)
334A,(株)ビジュアル・プロセッシング・ジャパン
3297,(株)東武住販
4120,スガイ化学工業(株)
9421,(株)エヌジェイホールディングス
6647,森尾電機(株)
269A,(株)Ｓａｐｅｅｔ
6054,(株)リブセンス
9685,ＫＹＣＯＭホールディングス(株)
2499,日本和装ホールディングス(株)
5928,アルメタックス(株)
4068,ベイシス(株)
6096,(株)レアジョブ
9165,(株)クオルテック
9466,(株)アイドママーケティングコミュニケーション
4447,(株)ピー・ビーシステムズ
6150,タケダ機械(株)
6614,(株)シキノハイテック
2872,(株)セイヒョー
3929,ソーシャルワイヤー(株)
6552,(株)ＧａｍｅＷｉｔｈ
3664,(株)モブキャストホールディングス
7640,(株)トップカルチャー
3842,(株)ネクストジェン
9760,(株)進学会ホールディングス
4416,(株)Ｔｒｕｅ　Ｄａｔａ
8559,(株)豊和銀行
7129,ミアヘルサホールディングス(株)
7464,セフテック(株)
5856,(株)エルアイイーエイチ
7064,(株)ハウテレビジョン
3627,テクミラホールディングス(株)
3071,(株)ストリーム
6177,ＡｐｐＢａｎｋ(株)
9376,(株)ユーラシア旅行社
6522,(株)アスタリスク
7897,ホクシン(株)
5240,ｍｏｎｏＡＩ　ｔｅｃｈｎｏｌｏｇｙ(株)
3181,(株)買取王国
9012,秩父鉄道(株)
5587,(株)インバウンドプラットフォーム
477A,(株)スタートライン
353A,エレベーターコミュニケーションズ(株)
6894,パルステック工業(株)
391A,(株)山忠
3372,(株)関門海
4387,(株)ＺＵＵ
5162,(株)朝日ラバー
6548,(株)旅工房
3645,(株)メディカルネット
7116,ダイワ通信(株)
6193,バーチャレクス・ホールディングス(株)
6248,(株)横田製作所
6467,(株)ニチダイ
5256,(株)Ｆｕｓｉｃ
7836,アビックス(株)
2722,(株)ＩＫホールディングス
2139,(株)中広
5386,(株)鶴弥
2656,(株)ベクターホールディングス
5619,マーソ(株)
7986,日本アイ・エス・ケイ(株)
3011,(株)バナーズ
1444,(株)ニッソウ
3237,(株)イントランス
3306,日本製麻(株)
3710,ジョルダン(株)
2974,大英産業(株)
130A,(株)Ｖｅｒｉｔａｓ　Ｉｎ　Ｓｉｌｉｃｏ
4196,(株)ネオマーケティング
4014,(株)カラダノート
4766,(株)ピーエイ
7813,(株)プラッツ
7375,(株)リファインバースグループ
9040,大宝運輸(株)
9767,日建工学(株)
6138,ダイジェット工業(株)
6577,(株)ベストワンドットコム
469A,(株)フィットクルー
6694,(株)ズーム
7615,(株)京都きもの友禅ホールディングス
220A,(株)Ｆａｂｅｒ　Ｃｏｍｐａｎｙ
6898,トミタ電機(株)
5035,ＨＯＵＳＥＩ(株)
3550,(株)スタジオアタオ
4335,ＩＰＳホールディングス(株)
9419,(株)ワイヤレスゲート
9363,(株)大運
3974,ＳＣＡＴ(株)
4388,(株)エーアイ
3909,(株)ショーケース
8836,(株)ＲＩＳＥ
2789,(株)カルラ
8166,(株)タカキュー
9425,ＲｅＹｕｕ　Ｊａｐａｎ(株)
4421,(株)ディ・アイ・システム
4598,Ｄｅｌｔａ－Ｆｌｙ　Ｐｈａｒｍａ(株)
340A,(株)ジグザグ
3494,(株)マリオン
3054,(株)ハイパー
9342,(株)スマサポ
198A,ＰｏｓｔＰｒｉｍｅ(株)
8181,(株)東天紅
3137,(株)ファンデリー
5580,(株)プロディライト
9444,(株)トーシンホールディングス
2300,(株)きょくとう
3953,大村紙業(株)
5974,中国工業(株)
231A,Ｃｒｏｓｓ　Ｅホールディングス(株)
4884,クリングルファーマ(株)
9339,(株)コーチ・エィ
7183,あんしん保証(株)
9256,(株)サクシード
196A,(株)ＭＦＳ
6803,ティアック(株)
7827,(株)オービス
9087,タカセ(株)
7345,(株)アイ・パートナーズフィナンシャル
4174,(株)アピリッツ
9220,エフビー介護サービス(株)
3089,テクノアルファ(株)
7162,アストマックス(株)
9816,(株)ストライダーズ
3931,(株)バリューゴルフ
5820,(株)三ッ星
138A,光フードサービス(株)
1999,サイタホールディングス(株)
7076,名南Ｍ＆Ａ(株)
3042,(株)セキュアヴェイル
9238,バリュークリエーション(株)
4341,西菱電機(株)
4814,ネクストウェア(株)
3930,(株)はてな
4690,日本パレットプール(株)
5579,(株)ＧＳＩ
5126,ポーターズ(株)
387A,フラー(株)
7369,(株)メイホーホールディングス
2388,(株)ウェッジホールディングス
2693,ＹＫＴ(株)
2467,(株)ＶＬＣセキュリティ
5987,(株)オーネックス
4427,(株)ＥｄｕＬａｂ
3248,(株)アールエイジ
7850,総合商研(株)
7877,永大化工(株)
9240,(株)デリバリーコンサルティング
8123,川辺(株)
4735,(株)京進
9423,(株)ＦＲＳ
3375,(株)ＺＯＡ
195A,(株)ＭＵＳＣＡＴ　ＧＲＯＵＰ
149A,(株)シンカ
4197,(株)アスマーク
7376,ＢＣＣ(株)
4650,ＳＤエンターテイメント(株)
7477,ムラキ(株)
1711,(株)ＳＤＳホールディングス
7255,(株)桜井製作所
5618,ナイル(株)
6400,不二精機(株)
6573,ＣＲＡＶＩＡ(株)
8225,(株)タカチホ
9439,(株)エム・エイチ・グループ
3987,エコモット(株)
8912,(株)エリアクエスト
3970,(株)イノベーション
6046,(株)リンクバル
4241,(株)アテクト
5952,アマテイ(株)
6969,松尾電機(株)
2687,(株)シー・ヴイ・エス・ベイエリア
4124,大阪油化工業(株)
7957,フジコピアン(株)
7709,クボテック(株)
9635,武蔵野興業(株)
7810,(株)クロスフォー
3928,(株)マイネット
7601,(株)ポプラ
3647,(株)ジー・スリーホールディングス
9242,メディア総研(株)
5199,不二ラテックス(株)
7073,(株)ジェイック
3985,テモナ(株)
6537,ＷＡＳＨハウス(株)
3670,協立情報通信(株)
7567,(株)栄電子
2683,(株)魚喜
5252,日本ナレッジ(株)
3598,山喜(株)
8013,(株)ナイガイ
4720,(株)城南進学研究社
9914,(株)植松商会
7896,セブン工業(株)
4920,(株)日本色材工業研究所
8995,(株)誠建設工業
7422,東邦レマック(株)
7939,(株)研創
2666,(株)オートウェーブ
3559,(株)ピーバンドットコム
2435,(株)シダー
5969,(株)ロブテックス
4679,(株)田谷
1738,(株)ＮＩＴＴＯＨ
7462,(株)ＣＡＰＩＴＡ
3667,(株)ｅｎｉｓｈ
4438,(株)Ｗｅｌｂｙ
4288,(株)アズジェント
304A,フォルシア(株)
9812,(株)テーオーホールディングス
9258,(株)ＣＳ－Ｃ
3600,(株)フジックス
4918,(株)アイビー化粧品
137A,Ｃｏｃｏｌｉｖｅ(株)
7035,ａｎｄ　ｆａｃｔｏｒｙ(株)
2351,(株)ＡＳＪ
6656,インスペック(株)
7043,アルー(株)
7928,旭化学工業(株)
4167,(株)ココペリ
7372,(株)デコルテ・ホールディングス
4558,(株)中京医薬品
6063,日本エマージェンシーアシスタンス(株)
9225,ブリッジコンサルティンググループ(株)
3041,(株)ビューティカダンホールディングス
4394,(株)エクスモーション
4370,モビルス(株)
9895,(株)コンセック
8247,(株)大和
150A,(株)ＪＳＨ
6558,クックビズ(株)
4178,(株)Ｓｈａｒｉｎｇ　Ｉｎｎｏｖａｔｉｏｎｓ
168A,(株)イタミアート
3346,ヒロタグループホールディングス(株)
7870,福島印刷(株)
7077,(株)ＡＬｉＮＫインターネット
9365,トレーディア(株)
9345,ビズメイツ(株)
9565,ＧＬＯＥ(株)
7360,(株)オンデック
3808,(株)オーケーウェブ
3961,シルバーエッグ・テクノロジー(株)
3261,(株)グランディーズ
5530,日本システムバンク(株)
6867,リーダー電子(株)
7356,Ｒｅｔｔｙ(株)
9610,ウィルソン・ラーニング　ワールドワイド(株)
3802,(株)エコミック
6233,ＫＬＡＳＳ(株)
7719,(株)東京衡機
5704,(株)ＪＭＣ
7042,(株)アクセスグループ・ホールディングス
9978,(株)文教堂グループホールディングス
7800,(株)アミファ
5134,(株)ＰＯＰＥＲ
9557,(株)エアークローゼット
3998,(株)すららネット
5616,(株)雨風太陽
2164,(株)地域新聞社
6074,(株)ジェイエスエス
3753,(株)フライトソリューションズ
2736,フェスタリアホールディングス(株)
9563,Ａｔｌａｓ　Ｔｅｃｈｎｏｌｏｇｉｅｓ(株)
5131,リンカーズ(株)
3775,(株)ガイアックス
3419,アートグリーン(株)
2997,(株)ストレージ王
3986,(株)ビーブレイクシステムズ
2291,福留ハム(株)
298A,ＧＶＡ　ＴＥＣＨ(株)
2479,(株)ジェイテック
9253,スローガン(株)
7062,(株)フレアス
3976,(株)シャノン
3739,コムシード(株)
7578,(株)ニチリョク
189A,(株)Ｄ＆Ｍカンパニー
3416,ピクスタ(株)
3907,シリコンスタジオ(株)
6186,(株)一蔵
8254,(株)さいか屋
4657,(株)環境管理センター
2673,夢みつけ隊(株)
9254,(株)ラバブルマーケティンググループ
4678,(株)秀英予備校
6198,(株)キャリア
4166,かっこ(株)
4016,ＭＩＴホールディングス(株)
5247,(株)ＢＴＭ
2721,(株)ジェイホールディングス
4707,(株)キタック
3646,(株)駅探
7524,マルシェ(株)
7413,(株)創健社
2156,セーラー広告(株)
5025,(株)マーキュリー
142A,(株)ジンジブ
4616,川上塗料(株)
4243,(株)ニックス
3779,ジェイ・エスコム　ホールディングス(株)
3192,(株)白鳩
8946,(株)ＡＳＩＡＮ　ＳＴＡＲ
4240,クラスターテクノロジー(株)
5039,(株)キットアライブ
6555,(株)ＭＳ＆Ｃｏｎｓｕｌｔｉｎｇ
7946,(株)光陽社
4361,川口化学工業(株)
9214,Ｒｅｃｏｖｅｒｙ　Ｉｎｔｅｒｎａｔｉｏｎａｌ(株)
2778,パレモ・ホールディングス(株)
4179,(株)ジーネクスト
6190,(株)フェニックスバイオ
7074,(株)トゥエンティーフォーセブンホールディングス
7865,ピープル(株)
4444,(株)インフォネット
303A,(株)ｖｉｓｕｍｏ
4424,(株)Ａｍａｚｉａ
5962,浅香工業(株)
5905,日本製罐(株)
3174,(株)ハピネス・アンド・ディ
9250,(株)ＧＲＣＳ
3442,(株)ＭＩＥコーポレーション
7041,ＣＲＧホールディングス(株)
7585,(株)かんなん丸
281A,インフォメティス(株)
6029,アトラグループ(株)
2459,アウンコンサルティング(株)
3639,(株)ボルテージ
7083,ＡＨＣグループ(株)
6663,太洋テクノレックス(株)
7997,(株)くろがね工作所
6276,シリウスビジョン(株)
7067,ブランディングテクノロジー(株)
246A,(株)アスア
9215,(株)ＣａＳｙ
302A,(株)ビースタイルホールディングス
4378,(株)ＣＩＮＣ
7837,(株)アールシーコア
9878,(株)セキド
4052,フィーチャ(株)
3910,(株)エムケイシステム
4017,(株)クリーマ
6775,(株)ＴＢグループ
4020,ビートレンド(株)
7878,(株)光・彩
9331,(株)キャスター
4018,(株)Ｇｅｏｌｏｃａｔｉｏｎ　Ｔｅｃｈｎｏｌｏｇｙ
4995,サンケイ化学(株)
4057,(株)インターファクトリー
9244,(株)デジタリフト
3111,オーミケンシ(株)
3624,アクセルマーク(株)
323A,(株)フライヤー
6982,(株)リード
3223,(株)エスエルディー
143A,イシン(株)
6173,(株)アクアライン
3634,(株)ソケッツ
5241,(株)日本オーエー研究所
9236,ジャパンＭ＆Ａソリューション(株)
4381,ビープラッツ(株)
5341,ＡＳＡＨＩ　ＥＩＴＯホールディングス(株)
6696,(株)トラース・オン・プロダクト
4059,(株)まぐまぐ
7140,ペットゴー(株)
6786,(株)ＲＶＨ
9241,(株)フューチャーリンクネットワーク
7363,(株)ベビーカレンダー
259A,(株)ケイ・ウノ
2137,(株)光ハイツ・ヴェラス
6147,(株)ヤマザキ
5342,ジャニス工業(株)
7985,ネポン(株)
3787,(株)テクノマセマティカル
7031,(株)インバウンドテック
3370,(株)フジタコーポレーション
4265,Ｉｎｓｔｉｔｕｔｉｏｎ　ｆｏｒ　ａ　Ｇｌｏｂａｌ　Ｓｏｃｉｅ(株)
7090,(株)リグア
3908,(株)コラボス
7886,ヤマト　モビリティ　＆　Ｍｆｇ．(株)
4073,(株)ジィ・シィ企画
184A,(株)学びエイド
4760,(株)アルファ
7426,(株)山大
3384,(株)アークコア
7831,(株)ウイルコホールディングス
2926,(株)篠崎屋
1382,(株)ホーブ
7815,東京ボード工業(株)
5380,新東(株)
242A,(株)リプライオリティ
3047,(株)ＴＲＵＣＫ－ＯＮＥ
7851,カワセコンピュータサプライ(株)
7790,(株)バルコス
9941,太洋物産(株)
8720,ベンチャービジネス投資法人投資証券
6977,(株)日本抵抗器製作所
7362,(株)Ｔ．Ｓ．Ｉ
6025,日本ＰＣサービス(株)
175A,(株)Ｗｉｌｌ　Ｓｍａｒｔ
7689,(株)コパ・コーポレーション
7093,アディッシュ(株)
6579,ログリー(株)
4834,キャリアバンク(株)
9330,(株)揚羽
6846,(株)中央製作所
5242,(株)アイズ
3803,イメージ情報開発(株)
3032,(株)ゴルフ・ドゥ
9213,(株)セイファート
275A,ハンワホームズ(株)
2976,日本グランデ(株)
6439,中日本鋳工(株)
3849,日本テクノ・ラボ(株)
8209,(株)フレンドリー
4250,(株)フロンティア
7901,(株)マツモト
3977,フュージョン(株)
3824,メディアファイブ(株)
2172,(株)インサイト
8143,(株)ラピーヌ
1449,(株)ＦＵＪＩジャパン
