code,name,ticker
4475,ＨＥＮＮＧＥ(株),4475.T
8558,(株)東和銀行,8558.T
6310,井関農機(株),6310.T
4839,(株)ＷＯＷＯＷ,4839.T
3825,(株)リミックスポイント,3825.T
9629,ピー・シー・エー(株),9629.T
6430,ダイコク電機(株),6430.T
9632,スバル興業(株),9632.T
287A,黒田グループ(株),287A.T
3093,(株)トレジャー・ファクトリー,3093.T
3196,(株)ホットランドホールディングス,3196.T
9906,藤井産業(株),9906.T
5261,リソルホールディングス(株),5261.T
7092,(株)Ｆａｓｔ　Ｆｉｔｎｅｓｓ　Ｊａｐａｎ,7092.T
3798,ＵＬＳグループ(株),3798.T
4718,(株)早稲田アカデミー,4718.T
6788,(株)日本トリム,6788.T
6489,前澤工業(株),6489.T
4051,ＧＭＯフィナンシャルゲート(株),4051.T
4992,北興化学工業(株),4992.T
6062,(株)チャーム・ケア・コーポレーション,6062.T
8142,(株)トーホー,8142.T
5038,(株)ｅＷｅＬＬ,5038.T
2705,(株)大戸屋ホールディングス,2705.T
3561,(株)力の源ホールディングス,3561.T
5721,(株)エス・サイエンス,5721.T
7607,(株)進和,7607.T
2207,(株)ｍｅｉｔｏ,2207.T
3455,ヘルスケア＆メディカル投資法人,3455.T
9438,(株)エムティーアイ,9438.T
8008,４℃ホールディングス,8008.T
4931,新日本製薬(株),4931.T
6249,(株)ゲームカードホールディングス,6249.T
7971,東リ(株),7971.T
1736,(株)オーテック,1736.T
3176,三洋貿易(株),3176.T
6905,コーセル(株),6905.T
6247,(株)日阪製作所,6247.T
6144,西部電機(株),6144.T
6820,アイコム(株),6820.T
212A,フィットイージー(株),212A.T
7071,(株)アンビスホールディングス,7071.T
4345,(株)シーティーエス,4345.T
6145,ＮＩＴＴＯＫＵ(株),6145.T
5976,ネツレン,5976.T
1813,(株)不動テトラ,1813.T
2594,キーコーヒー(株),2594.T
9896,ＪＫホールディングス(株),9896.T
1930,北陸電気工事(株),1930.T
9740,ＣＳＰ,9740.T
4972,綜研化学(株),4972.T
5959,岡部(株),5959.T
8151,(株)東陽テクニカ,8151.T
7840,フランスベッドホールディングス(株),7840.T
7366,(株)ＬＩＴＡＬＩＣＯ,7366.T
9052,山陽電気鉄道(株),9052.T
3010,ポラリス・ホールディングス(株),3010.T
7229,(株)ユタカ技研,7229.T
4275,(株)カーリット,4275.T
256A,飛島ホールディングス(株),256A.T
4685,(株)菱友システムズ,4685.T
1810,松井建設(株),1810.T
4554,富士製薬工業(株),4554.T
9726,ＫＮＴ－ＣＴホールディングス(株),9726.T
6357,三精テクノロジーズ(株),6357.T
4658,日本空調サービス(株),4658.T
3299,(株)ムゲンエステート,3299.T
9837,モリト(株),9837.T
5834,ＳＢＩリーシングサービス(株),5834.T
9081,神奈川中央交通(株),9081.T
8005,(株)スクロール,8005.T
3449,(株)テクノフレックス,3449.T
4743,(株)アイティフォー,4743.T
6648,(株)かわでん,6648.T
2971,エスコンジャパンリート投資法人,2971.T
7749,メディキット(株),7749.T
7236,(株)ティラド,7236.T
1948,(株)弘電社,1948.T
4377,(株)ワンキャリア,4377.T
2908,フジッコ(株),2908.T
7373,(株)アイドマ・ホールディングス,7373.T
9467,(株)アルファポリス,9467.T
8137,サンワテクノス(株),8137.T
2975,スター・マイカ・ホールディングス(株),2975.T
2108,日本甜菜製糖(株),2108.T
6855,日本電子材料(株),6855.T
7245,大同メタル工業(株),7245.T
9470,(株)学研ホールディングス,9470.T
9639,三協フロンテア(株),9639.T
9517,イーレックス(株),9517.T
7715,長野計器(株),7715.T
2226,(株)湖池屋,2226.T
7914,共同印刷(株),7914.T
8081,(株)カナデン,8081.T
6625,ＪＡＬＣＯホールディングス(株),6625.T
1887,日本国土開発(株),1887.T
5889,Ｊａｐａｎ　Ｅｙｅｗｅａｒ　Ｈｏｌｄｉｎｇｓ(株),5889.T
2429,(株)ワールドホールディングス,2429.T
4375,セーフィー(株),4375.T
6231,木村工機(株),6231.T
3198,ＳＦＰホールディングス(株),3198.T
5821,平河ヒューテック(株),5821.T
7388,(株)ＦＰパートナー,7388.T
2325,(株)ＮＪＳ,2325.T
3660,(株)アイスタイル,3660.T
299A,クラシル(株),299A.T
8699,ＨＳホールディングス(株),8699.T
7244,市光工業(株),7244.T
5563,新日本電工(株),5563.T
7326,ＳＢＩインシュアランスグループ(株),7326.T
7990,グローブライド(株),7990.T
8065,佐藤商事(株),8065.T
4419,(株)Ｆｉｎａｔｅｘｔホールディングス,4419.T
6824,新コスモス電機(株),6824.T
8150,三信電気(株),8150.T
9619,(株)イチネンホールディングス,9619.T
5541,大平洋金属(株),5541.T
8163,ＳＲＳホールディングス(株),8163.T
9991,ジェコス(株),9991.T
4094,日本化学産業(株),4094.T
1967,(株)ヤマト,1967.T
166A,(株)タスキホールディングス,166A.T
8614,東洋証券(株),8614.T
6768,(株)タムラ製作所,6768.T
4022,ラサ工業(株),4022.T
8935,(株)ＦＪネクストホールディングス,8935.T
7280,(株)ミツバ,7280.T
2938,(株)オカムラ食品工業,2938.T
6333,(株)帝国電機製作所,6333.T
6999,ＫＯＡ(株),6999.T
2751,(株)テンポスホールディングス,2751.T
8281,ゼビオホールディングス(株),8281.T
4417,グローバルセキュリティエキスパート(株),4417.T
6638,(株)ミマキエンジニアリング,6638.T
4318,(株)クイック,4318.T
6800,(株)ヨコオ,6800.T
176A,レジル(株),176A.T
2573,北海道コカ・コーラボトリング(株),2573.T
5184,(株)ニチリン,5184.T
3687,(株)フィックスターズ,3687.T
7609,ダイトロン(株),7609.T
5302,日本カーボン(株),5302.T
2980,ＳＲＥホールディングス(株),2980.T
3431,宮地エンジニアリンググループ(株),3431.T
2053,中部飼料(株),2053.T
6564,(株)ミダックホールディングス,6564.T
9381,(株)エーアイテイー,9381.T
4259,(株)エクサウィザーズ,4259.T
8914,エリアリンク(株),8914.T
9305,(株)ヤマタネ,9305.T
197A,(株)タウンズ,197A.T
3679,(株)じげん,3679.T
6718,アイホン(株),6718.T
6289,(株)技研製作所,6289.T
7383,(株)ネットプロテクションズホールディングス,7383.T
6309,巴工業(株),6309.T
6809,ＴＯＡ(株),6809.T
3763,(株)プロシップ,3763.T
3844,コムチュア(株),3844.T
3451,トーセイ・リート投資法人,3451.T
6364,(株)ＡＩＲＭＡＮ,6364.T
5702,(株)大紀アルミニウム工業所,5702.T
4078,堺化学工業(株),4078.T
2931,(株)ユーグレナ,2931.T
147A,(株)ソラコム,147A.T
7949,小松ウオール工業(株),7949.T
9828,(株)Ｇｅｎｋｉ　Ｇｌｏｂａｌ　Ｄｉｎｉｎｇ　Ｃｏｎｃｅｐｔｓ,9828.T
4820,(株)ＥＭシステムズ,4820.T
3284,(株)フージャースホールディングス,3284.T
6143,(株)ソディック,6143.T
8897,ＭＩＲＡＲＴＨホールディングス(株),8897.T
1929,日特建設(株),1929.T
409A,オリオンビール(株),409A.T
8864,空港施設(株),8864.T
8708,アイザワ証券グループ(株),8708.T
7102,日本車輌製造(株),7102.T
4641,(株)アルプス技研,4641.T
2752,(株)フジオフードグループ本社,2752.T
8979,スターツプロシード投資法人,8979.T
5288,アジアパイルホールディングス(株),5288.T
7128,ユニソルホールディングス(株),7128.T
4619,日本特殊塗料(株),4619.T
5304,ＳＥＣカーボン(株),5304.T
9856,(株)ケーユーホールディングス,9856.T
7447,ナガイレーベン(株),7447.T
8706,極東証券(株),8706.T
4719,(株)アルファシステムズ,4719.T
8052,椿本興業(株),8052.T
2918,わらべや日洋ホールディングス(株),2918.T
6644,大崎電気工業(株),6644.T
2698,(株)キャンドゥ,2698.T
3182,オイシックス・ラ・大地(株),3182.T
6328,荏原実業(株),6328.T
7860,エイベックス(株),7860.T
9900,(株)サガミホールディングス,9900.T
1786,オリエンタル白石(株),1786.T
9274,ＫＰＰグループホールディングス(株),9274.T
9661,(株)歌舞伎座,9661.T
262A,(株)インターメスティック,262A.T
6237,(株)イワキ,6237.T
4246,ダイキョーニシカワ(株),4246.T
3091,(株)ブロンコビリー,3091.T
2972,サンケイリアルエステート投資法人,2972.T
4343,(株)イオンファンタジー,4343.T
2170,(株)リンクアンドモチベーション,2170.T
2288,丸大食品(株),2288.T
4221,大倉工業(株),4221.T
5208,(株)有沢製作所,5208.T
6627,(株)テラプローブ,6627.T
3668,(株)コロプラ,3668.T
3663,(株)セルシス,3663.T
5445,東京鐵鋼(株),5445.T
3232,三重交通グループホールディングス(株),3232.T
4431,(株)スマレジ,4431.T
3245,(株)ディア・ライフ,3245.T
6058,(株)ベクトル,6058.T
1301,(株)極洋,1301.T
4894,クオリプス(株),4894.T
202A,(株)豆蔵,202A.T
7745,(株)Ａ＆Ｄホロンホールディングス,7745.T
3150,(株)グリムス,3150.T
3655,(株)ブレインパッド,3655.T
1938,日本リーテック(株),1938.T
6363,(株)酉島製作所,6363.T
4848,(株)フルキャストホールディングス,4848.T
1811,(株)錢高組,1811.T
4109,ステラ　ケミファ(株),4109.T
8200,(株)リンガーハット,8200.T
7921,(株)ＴＡＫＡＲＡ　＆　ＣＯＭＰＡＮＹ,7921.T
6637,寺崎電気産業(株),6637.T
4323,日本システム技術(株),4323.T
6676,(株)バッファロー,6676.T
4886,あすか製薬ホールディングス(株),4886.T
5949,ユニプレス(株),5949.T
9519,(株)レノバ,9519.T
3371,(株)ソフトクリエイトホールディングス,3371.T
6339,新東工業(株),6339.T
1888,若築建設(株),1888.T
9474,(株)ゼンリン,9474.T
7915,ＮＩＳＳＨＡ(株),7915.T
4481,ベース(株),4481.T
8541,(株)愛媛銀行,8541.T
5461,中部鋼鈑(株),5461.T
4970,東洋合成工業(株),4970.T
1898,世紀東急工業(株),1898.T
9946,ミニストップ(株),9946.T
9511,沖縄電力(株),9511.T
4097,高圧ガス工業(株),4097.T
7508,(株)Ｇ－７ホールディングス,7508.T
3395,(株)サンマルクホールディングス,3395.T
5202,日本板硝子(株),5202.T
8167,(株)リテールパートナーズ,8167.T
3153,八洲電機(株),3153.T
7504,(株)高速,7504.T
2749,(株)ＪＰホールディングス,2749.T
9552,(株)クオンツ総研ホールディングス,9552.T
3399,(株)丸千代山岡家,3399.T
3496,(株)アズーム,3496.T
6480,日本トムソン(株),6480.T
8508,Ｊトラスト(株),8508.T
2790,(株)ナフコ,2790.T
2211,(株)不二家,2211.T
9416,(株)ビジョン,9416.T
6617,(株)東光高岳,6617.T
3854,(株)アイル,3854.T
3905,データセクション(株),3905.T
3692,(株)ＦＦＲＩセキュリティ,3692.T
368A,(株)北里コーポレーション,368A.T
5988,(株)パイオラックス,5988.T
9928,(株)ミロク情報サービス,9928.T
3482,ロードスターキャピタル(株),3482.T
8157,都築電気(株),8157.T
7818,(株)トランザクション,7818.T
7613,シークス(株),7613.T
8362,(株)福井銀行,8362.T
7593,ＶＴホールディングス(株),7593.T
6425,(株)ユニバーサルエンターテインメント,6425.T
3708,特種東海製紙(株),3708.T
8344,(株)山形銀行,8344.T
7979,(株)松風,7979.T
7868,(株)広済堂ホールディングス,7868.T
1945,(株)東京エネシス,1945.T
9324,安田倉庫(株),9324.T
1379,ホクト(株),1379.T
9790,福井コンピュータホールディングス(株),9790.T
2003,日東富士製粉(株),2003.T
7384,(株)プロクレアホールディングス,7384.T
6794,フォスター電機(株),6794.T
3902,メディカル・データ・ビジョン(株),3902.T
3661,(株)エムアップホールディングス,3661.T
2395,(株)新日本科学,2395.T
4687,ＴＤＣソフト(株),4687.T
4047,関東電化工業(株),4047.T
4212,積水樹脂(株),4212.T
2613,(株)Ｊ－オイルミルズ,2613.T
4362,日本精化(株),4362.T
2986,(株)ＬＡホールディングス,2986.T
3836,(株)アバントグループ,3836.T
8075,神鋼商事(株),8075.T
471A,ＮＳグループ(株),471A.T
8079,正栄食品工業(株),8079.T
3946,(株)トーモク,3946.T
3491,(株)ＧＡ　ｔｅｃｈｎｏｌｏｇｉｅｓ,3491.T
5410,合同製鐵(株),5410.T
8739,スパークス・グループ(株),8739.T
1407,(株)ウエストホールディングス,1407.T
5946,(株)長府製作所,5946.T
3252,地主(株),3252.T
1909,日本ドライケミカル(株),1909.T
8613,丸三証券(株),8613.T
4326,(株)インテージホールディングス,4326.T
6574,(株)コンヴァノ,6574.T
9534,北海道ガス(株),9534.T
6381,アネスト岩田(株),6381.T
1899,(株)福田組,1899.T
1822,大豊建設(株),1822.T
9755,応用地質(株),9755.T
9028,(株)ゼロ,9028.T
8132,シナネンホールディングス(株),8132.T
1815,鉄建建設(株),1815.T
2874,ヨコレイ,2874.T
8160,(株)木曽路,8160.T
2208,(株)ブルボン,2208.T
3673,(株)ブロードリーフ,3673.T
8395,(株)佐賀銀行,8395.T
5982,(株)マルゼン,5982.T
6419,(株)マースグループホールディングス,6419.T
3632,グリーホールディングス(株),3632.T
3733,(株)ソフトウェア・サービス,3733.T
7130,ヤマエグループホールディングス(株),7130.T
9369,(株)キユーソー流通システム,9369.T
2540,養命酒製造(株),2540.T
3290,Oneリート投資法人,3290.T
6027,弁護士ドットコム(株),6027.T
2664,(株)カワチ薬品,2664.T
8043,スターゼン(株),8043.T
4674,(株)クレスコ,4674.T
7239,(株)タチエス,7239.T
8244,(株)近鉄百貨店,8244.T
6200,(株)インソース,6200.T
3151,(株)バイタルケーエスケー・ホールディングス,3151.T
7606,(株)ユナイテッドアローズ,7606.T
5480,日本冶金工業(株),5480.T
7085,(株)カーブスホールディングス,7085.T
4832,ＪＦＥシステムズ(株),4832.T
9279,(株)ギフトホールディングス,9279.T
3962,(株)チェンジホールディングス,3962.T
4008,住友精化(株),4008.T
8173,上新電機(株),8173.T
4413,(株)ボードルア,4413.T
2681,(株)ゲオホールディングス,2681.T
9348,(株)ｉｓｐａｃｅ,9348.T
3480,(株)ジェイ・エス・ビー,3480.T
2216,カンロ(株),2216.T
6088,(株)シグマクシス・ホールディングス,6088.T
4849,エン(株),4849.T
6524,湖北工業(株),6524.T
6331,三菱化工機(株),6331.T
1939,(株)四電工,1939.T
2734,(株)サーラコーポレーション,2734.T
9823,(株)マミーマートホールディングス,9823.T
6740,(株)ジャパンディスプレイ,6740.T
6517,デンヨー(株),6517.T
7421,カッパ・クリエイト(株),7421.T
3950,ザ・パック(株),3950.T
7995,(株)バルカー,7995.T
9902,(株)日伝,9902.T
8084,(株)ＲＹＯＤＥＮ,8084.T
8343,(株)秋田銀行,8343.T
6118,アイダエンジニアリング(株),6118.T
9743,(株)丹青社,9743.T
5290,(株)ベルテクスコーポレーション,5290.T
4480,(株)メドレー,4480.T
6908,イリソ電子工業(株),6908.T
4565,ネクセラファーマ(株),4565.T
4919,(株)ミルボン,4919.T
7231,トピー工業(株),7231.T
5011,ニチレキグループ(株),5011.T
4116,大日精化工業(株),4116.T
9733,(株)ナガセ,9733.T
8715,アニコム　ホールディングス(株),8715.T
6859,エスペック(株),6859.T
7942,(株)ＪＳＰ,7942.T
9310,日本トランスシティ(株),9310.T
4220,リケンテクノス(株),4220.T
7199,プレミアグループ(株),7199.T
8159,(株)立花エレテック,8159.T
6877,ＯＢＡＲＡ　ＧＲＯＵＰ(株),6877.T
8387,(株)四国銀行,8387.T
464A,(株)ＱＰＳホールディングス,464A.T
3636,(株)三菱総合研究所,3636.T
6287,(株)サトー,6287.T
9304,澁澤倉庫(株),9304.T
6946,日本アビオニクス(株),6946.T
1799,第一建設工業(株),1799.T
6258,平田機工(株),6258.T
3443,川田テクノロジーズ(株),3443.T
6197,(株)ソラスト,6197.T
4746,(株)東計電算,4746.T
3608,(株)ＴＳＩホールディングス,3608.T
7292,(株)村上開明堂,7292.T
6282,オイレス工業(株),6282.T
3034,クオールホールディングス(株),3034.T
1921,(株)巴コーポレーション,1921.T
485A,(株)パワーエックス,485A.T
2168,(株)パソナグループ,2168.T
6196,(株)ストライク,6196.T
8841,(株)テーオーシー,8841.T
3479,(株)ティーケーピー,3479.T
3817,(株)ＳＲＡホールディングス,3817.T
5726,(株)大阪チタニウムテクノロジーズ,5726.T
6459,大和冷機工業(株),6459.T
9536,西部ガスホールディングス(株),9536.T
3036,アルコニックス(株),3036.T
277A,グロービング(株),277A.T
4997,日本農薬(株),4997.T
7433,伯東(株),7433.T
2590,ダイドーグループホールディングス(株),2590.T
6961,(株)エンプラス,6961.T
2791,大黒天物産(株),2791.T
5262,日本ヒューム(株),5262.T
9729,(株)トーカイ,9729.T
9621,(株)建設技術研究所,9621.T
5036,日本ビジネスシステムズ(株),5036.T
3539,(株)ＪＭホールディングス,3539.T
2220,亀田製菓(株),2220.T
2737,(株)トーメンデバイス,2737.T
3156,(株)レスター,3156.T
7246,プレス工業(株),7246.T
6993,大黒屋ホールディングス(株),6993.T
6866,ＨＩＯＫＩ(株),6866.T
6226,守谷輸送機工業(株),6226.T
6349,(株)小森コーポレーション,6349.T
1852,(株)淺沼組,1852.T
9692,(株)シーイーシー,9692.T
3302,帝国繊維(株),3302.T
4765,ＳＢＩグローバルアセットマネジメント(株),4765.T
4549,栄研化学(株),4549.T
8399,(株)琉球銀行,8399.T
6235,(株)オプトラン,6235.T
3492,MIRARTH不動産投資法人,3492.T
9247,ＴＲＥホールディングス(株),9247.T
2326,デジタルアーツ(株),2326.T
8550,(株)栃木銀行,8550.T
7931,未来工業(株),7931.T
3028,(株)アルペン,3028.T
8707,岩井コスモホールディングス(株),8707.T
6023,ダイハツインフィニアース(株),6023.T
8771,イー・ギャランティ(株),8771.T
5992,中央発條(株),5992.T
4187,大阪有機化学工業(株),4187.T
1882,東亜道路工業(株),1882.T
5970,(株)ジーテクト,5970.T
7917,ＺＡＣＲＯＳ(株),7917.T
5851,リョービ(株),5851.T
8793,ＮＥＣキャピタルソリューション(株),8793.T
2292,Ｓ　ＦＯＯＤＳ(株),2292.T
4464,(株)ソフト９９コーポレーション,4464.T
4461,第一工業製薬(株),4461.T
4365,松本油脂製薬(株),4365.T
8061,西華産業(株),8061.T
6413,理想科学工業(株),6413.T
7088,(株)フォーラムエンジニアリング,7088.T
9543,静岡ガス(株),9543.T
6277,ホソカワミクロン(株),6277.T
6741,日本信号(株),6741.T
2329,(株)東北新社,2329.T
4189,ＫＨネオケム(株),4189.T
4044,セントラル硝子(株),4044.T
4526,理研ビタミン(株),4526.T
6652,ＩＤＥＣ(株),6652.T
5195,バンドー化学(株),5195.T
7513,(株)コジマ,7513.T
4825,(株)ウェザーニューズ,4825.T
6463,ＴＰＲ(株),6463.T
4996,クミアイ化学工業(株),4996.T
2353,日本駐車場開発(株),2353.T
2117,ウェルネオシュガー(株),2117.T
3104,富士紡ホールディングス(株),3104.T
8818,京阪神ビルディング(株),8818.T
1518,三井松島ホールディングス(株),1518.T
7826,(株)フルヤ金属,7826.T
4290,(株)プレステージ・インターナショナル,4290.T
6284,日精エー・エス・ビー機械(株),6284.T
4569,杏林製薬(株),4569.T
2979,SOSiLA物流リート投資法人,2979.T
4369,(株)トリケミカル研究所,4369.T
319A,(株)技術承継機構,319A.T
456A,ＨＵＭＡＮ　ＭＡＤＥ(株),456A.T
186A,(株)アストロスケールホールディングス,186A.T
5727,東邦チタニウム(株),5727.T
4293,(株)セプテーニ・ホールディングス,4293.T
7721,東京計器(株),7721.T
6330,東洋エンジニアリング(株),6330.T
8345,(株)岩手銀行,8345.T
4956,コニシ(株),4956.T
1976,明星工業(株),1976.T
4552,ＪＣＲファーマ(株),4552.T
4974,タカラバイオ(株),4974.T
8237,(株)松屋,8237.T
3445,(株)ＲＳ　Ｔｅｃｈｎｏｌｏｇｉｅｓ,3445.T
2004,昭和産業(株),2004.T
7944,ローランド(株),7944.T
1975,(株)朝日工業社,1975.T
2588,(株)プレミアムウォーターホールディングス,2588.T
7241,フタバ産業(株),7241.T
3476,投資法人みらい,3476.T
5122,オカモト(株),5122.T
7839,(株)ＳＨＯＥＩ,7839.T
5943,(株)ノーリツ,5943.T
5310,東洋炭素(株),5310.T
9997,(株)ベルーナ,9997.T
8059,第一実業(株),8059.T
6340,澁谷工業(株),6340.T
2585,(株)ライフドリンクカンパニー,2585.T
4828,ビジネスエンジニアリング(株),4828.T
8125,(株)ワキタ,8125.T
6737,ＥＩＺＯ(株),6737.T
9824,泉州電業(株),9824.T
5253,カバー(株),5253.T
6209,リケンＮＰＲ(株),6209.T
8032,日本紙パルプ商事(株),8032.T
5351,品川リフラ(株),5351.T
8037,カメイ(株),8037.T
3459,サムティ・レジデンシャル投資法人,3459.T
9663,(株)ナガワ,9663.T
8392,(株)大分銀行,8392.T
6345,(株)アイチコーポレーション,6345.T
3465,ケイアイスター不動産(株),3465.T
2742,(株)ハローズ,2742.T
3964,(株)オークネット,3964.T
6929,日本セラミック(株),6929.T
4216,旭有機材(株),4216.T
6036,ＫｅｅＰｅｒ技研(株),6036.T
446A,(株)ノースサンド,446A.T
2653,イオン九州(株),2653.T
8877,エスリード(株),8877.T
2157,(株)コシダカホールディングス,2157.T
3001,片倉工業(株),3001.T
6914,オプテックスグループ(株),6914.T
2109,ＤＭ三井製糖(株),2109.T
8016,(株)オンワードホールディングス,8016.T
2760,東京エレクトロン　デバイス(株),2760.T
3993,(株)ＰＫＳＨＡ　Ｔｅｃｈｎｏｌｏｇｙ,3993.T
1663,Ｋ＆Ｏエナジーグループ(株),1663.T
7412,(株)アトム,7412.T
4971,メック(株),4971.T
6458,新晃工業(株),6458.T
8014,蝶理(株),8014.T
4071,(株)プラスアルファ・コンサルティング,4071.T
3762,テクマトリックス(株),3762.T
2492,(株)インフォマート,2492.T
1870,矢作建設工業(株),1870.T
1419,タマホーム(株),1419.T
6474,(株)不二越,6474.T
3487,CREロジスティクスファンド投資法人,3487.T
5602,(株)栗本鐵工所,5602.T
6254,野村マイクロ・サイエンス(株),6254.T
6183,(株)ベルシステム２４ホールディングス,6183.T
6947,(株)図研,6947.T
6104,芝浦機械(株),6104.T
8255,アクシアル　リテイリング(株),8255.T
8393,(株)宮崎銀行,8393.T
4559,ゼリア新薬工業(株),4559.T
8057,(株)内田洋行,8057.T
9603,(株)エイチ・アイ・エス,9603.T
8337,(株)千葉興業銀行,8337.T
5440,共英製鋼(株),5440.T
247A,Ａｉロボティクス(株),247A.T
7718,スター精密(株),7718.T
2805,ヱスビー食品(株),2805.T
6016,(株)ジャパンエンジンコーポレーション,6016.T
7177,ＧＭＯフィナンシャルホールディングス(株),7177.T
6351,(株)鶴見製作所,6351.T
6080,Ｍ＆Ａキャピタルパートナーズ(株),6080.T
7350,(株)おきなわフィナンシャルグループ,7350.T
3101,東洋紡(株),3101.T
6727,(株)ワコム,6727.T
8892,(株)エスコン,8892.T
6777,ｓａｎｔｅｃ　Ｈｏｌｄｉｎｇｓ(株),6777.T
6376,日機装(株),6376.T
8117,中央自動車工業(株),8117.T
6957,(株)芝浦電子,6957.T
6834,(株)精工技研,6834.T
7943,ニチハ(株),7943.T
7322,(株)三十三フィナンシャルグループ,7322.T
4180,Ａｐｐｉｅｒ　Ｇｒｏｕｐ(株),4180.T
6996,ニチコン(株),6996.T
5161,西川ゴム工業(株),5161.T
4028,石原産業(株),4028.T
2733,(株)あらた,2733.T
1982,日比谷総合設備(株),1982.T
6490,(株)ＰＩＬＬＡＲ,6490.T
9010,富士急行(株),9010.T
4985,アース製薬(株),4985.T
7575,日本ライフライン(株),7575.T
4384,ラクスル(株),4384.T
9347,日本管財ホールディングス(株),9347.T
7184,(株)富山第一銀行,7184.T
6810,マクセル(株),6810.T
6707,サンケン電気(株),6707.T
3612,(株)ワールド,3612.T
8198,マックスバリュ東海(株),8198.T
8977,阪急阪神リート投資法人,8977.T
2146,ＵＴグループ(株),2146.T
4471,三洋化成工業(株),4471.T
7965,象印マホービン(株),7965.T
5842,インテグラル(株),5842.T
8934,サンフロンティア不動産(株),8934.T
6745,ホーチキ(株),6745.T
9889,ＪＢＣＣホールディングス(株),9889.T
5449,大阪製鐵(株),5449.T
9757,(株)船井総研ホールディングス,9757.T
3087,(株)ドトール・日レスホールディングス,3087.T
2175,(株)エス・エム・エス,2175.T
8074,ユアサ商事(株),8074.T
7226,極東開発工業(株),7226.T
8871,(株)ゴールドクレスト,8871.T
5192,三ツ星ベルト(株),5192.T
7279,(株)ハイレックスコーポレーション,7279.T
9887,(株)松屋フーズホールディングス,9887.T
7483,(株)ドウシシャ,7483.T
2767,円谷フィールズホールディングス(株),2767.T
9039,(株)サカイ引越センター,9039.T
7780,(株)メニコン,7780.T
4958,長谷川香料(株),4958.T
8131,(株)ミツウロコグループホールディングス,8131.T
6941,山一電機(株),6941.T
5186,ニッタ(株),5186.T
4592,サンバイオ(株),4592.T
3778,さくらインターネット(株),3778.T
4099,四国化成ホールディングス(株),4099.T
1723,日本電技(株),1723.T
9842,アークランズ(株),9842.T
1879,新日本建設(株),1879.T
4534,持田製薬(株),4534.T
5232,住友大阪セメント(株),5232.T
4432,ウイングアーク１ｓｔ(株),4432.T
9166,(株)ＧＥＮＤＡ,9166.T
7512,イオン北海道(株),7512.T
7287,日本精機(株),7287.T
8219,青山商事(株),8219.T
2678,アスクル(株),2678.T
9699,ニシオホールディングス(株),9699.T
4633,サカタインクス(株),4633.T
6379,レイズネクスト(株),6379.T
6250,(株)やまびこ,6250.T
215A,(株)タイミー,215A.T
5975,東プレ(株),5975.T
6455,(株)モリタホールディングス,6455.T
8595,ジャフコ　グループ(株),8595.T
5911,(株)横河ブリッジホールディングス,5911.T
2160,(株)ジーエヌアイグループ,2160.T
3863,日本製紙(株),3863.T
9413,(株)テレビ東京ホールディングス,9413.T
2379,ディップ(株),2379.T
7224,新明和工業(株),7224.T
8360,(株)山梨中央銀行,8360.T
7976,三菱鉛筆(株),7976.T
5715,古河機械金属(株),5715.T
4819,(株)デジタルガレージ,4819.T
7595,(株)アルゴグラフィックス,7595.T
3201,ニッケ,3201.T
6332,月島ホールディングス(株),6332.T
8421,信金中央金庫,8421.T
7611,(株)ハイデイ日高,7611.T
3046,(株)ジンズホールディングス,3046.T
4975,(株)ＪＣＵ,4975.T
7821,前田工繊(株),7821.T
7599,(株)ＩＤＯＭ,7599.T
1871,ピーエス・コンストラクション(株),1871.T
4917,(株)マンダム,4917.T
9832,(株)オートバックスセブン,9832.T
8958,グローバル・ワン不動産投資法人,8958.T
9037,(株)ハマキョウレックス,9037.T
2695,くら寿司(株),2695.T
3433,トーカロ(株),3433.T
1965,(株)テクノ菱和,1965.T
8097,三愛オブリ(株),8097.T
8346,(株)東邦銀行,8346.T
2281,プリマハム(株),2281.T
7972,(株)イトーキ,7972.T
7222,日産車体(株),7222.T
8179,ロイヤルホールディングス(株),8179.T
7456,松田産業(株),7456.T
8153,(株)モスフードサービス,8153.T
2685,(株)アンドエスティＨＤ,2685.T
3191,(株)ジョイフル本田,3191.T
7172,(株)ジャパンインベストメントアドバイザー,7172.T
6101,(株)ツガミ,6101.T
1762,(株)高松コンストラクショングループ,1762.T
7516,コーナン商事(株),7516.T
7552,(株)ハピネット,7552.T
6486,イーグル工業(株),6486.T
9090,ＡＺ－ＣＯＭ丸和ホールディングス(株),9090.T
6395,(株)タダノ,6395.T
8051,(株)山善,8051.T
3543,(株)コメダホールディングス,3543.T
1968,太平電業(株),1968.T
6966,(株)三井ハイテック,6966.T
6523,ＰＨＣホールディングス(株),6523.T
3106,クラボウ,3106.T
1720,東急建設(株),1720.T
6804,ホシデン(株),6804.T
9110,ＮＳユナイテッド海運(株),9110.T
9708,(株)帝国ホテル,9708.T
7283,愛三工業(株),7283.T
5930,文化シヤッター(株),5930.T
7685,(株)ＢｕｙＳｅｌｌ　Ｔｅｃｈｎｏｌｏｇｉｅｓ,7685.T
4914,高砂香料工業(株),4914.T
8600,トモニホールディングス(株),8600.T
6315,ＴＯＷＡ(株),6315.T
9882,(株)イエローハット,9882.T
3002,グンゼ(株),3002.T
3287,星野リゾート・リート投資法人,3287.T
6498,(株)キッツ,6498.T
8975,いちごオフィスリート投資法人,8975.T
3167,(株)ＴＯＫＡＩホールディングス,3167.T
3593,(株)ホギメディカル,3593.T
7630,(株)壱番屋,7630.T
7734,理研計器(株),7734.T
5352,黒崎播磨(株),5352.T
2384,ＳＢＳホールディングス(株),2384.T
9551,メタウォーター(株),9551.T
9678,(株)カナモト,9678.T
2692,伊藤忠食品(株),2692.T
9119,飯野海運(株),9119.T
5703,日本軽金属ホールディングス(株),5703.T
7157,ライフネット生命保険(株),7157.T
7739,キヤノン電子(株),7739.T
9722,藤田観光(株),9722.T
8276,(株)平和堂,8276.T
8214,(株)ＡＯＫＩホールディングス,8214.T
6516,山洋電気(株),6516.T
9716,(株)乃村工藝社,9716.T
7545,(株)西松屋チェーン,7545.T
4928,(株)ノエビアホールディングス,4928.T
1926,ライト工業(株),1926.T
5423,東京製鐵(株),5423.T
9960,東テク(株),9960.T
4776,サイボウズ(株),4776.T
3880,大王製紙(株),3880.T
7730,マニー(株),7730.T
5331,ノリタケ(株),5331.T
4694,(株)ビー・エム・エル,4694.T
1952,新日本空調(株),1952.T
9830,トラスコ中山(株),9830.T
9974,(株)ベルク,9974.T
6875,(株)メガチップス,6875.T
3076,あい　ホールディングス(株),3076.T
9267,Ｇｅｎｋｙ　ＤｒｕｇＳｔｏｒｅｓ(株),9267.T
8336,(株)武蔵野銀行,8336.T
6670,(株)ＭＣＪ,6670.T
6588,東芝テック(株),6588.T
6055,ジャパンマテリアル(株),6055.T
1515,日鉄鉱業(株),1515.T
9601,松竹(株),9601.T
7004,カナデビア(株),7004.T
7970,信越ポリマー(株),7970.T
6278,ユニオンツール(株),6278.T
8968,福岡リート投資法人,8968.T
1835,東鉄工業(株),1835.T
9793,(株)ダイセキ,9793.T
167A,リョーサン菱洋ホールディングス(株),167A.T
290A,(株)Ｓｙｎｓｐｅｃｔｉｖｅ,290A.T
7381,(株)ＣＣＩグループ,7381.T
6750,エレコム(株),6750.T
6651,日東工業(株),6651.T
7105,三菱ロジスネクスト(株),7105.T
6703,ＯＫＩ,6703.T
3865,北越コーポレーション(株),3865.T
3468,スターアジア不動産投資法人,3468.T
9068,丸全昭和運輸(株),9068.T
8923,トーセイ(株),8923.T
3765,ガンホー・オンライン・エンターテイメント(株),3765.T
9715,トランスコスモス(株),9715.T
4628,エスケー化研(株),4628.T
6420,ガリレイ(株),6420.T
8609,(株)岡三証券グループ,8609.T
9672,東京都競馬(株),9672.T
8803,平和不動産(株),8803.T
2815,アリアケジャパン(株),2815.T
7220,武蔵精密工業(株),7220.T
2154,(株)オープンアップグループ,2154.T
8616,東海東京フィナンシャル・ホールディングス(株),8616.T
8388,(株)阿波銀行,8388.T
5273,三谷セキサン(株),5273.T
7458,(株)第一興商,7458.T
8511,日本証券金融(株),8511.T
6807,日本航空電子工業(株),6807.T
9075,福山通運(株),9075.T
3097,(株)物語コーポレーション,3097.T
2602,日清オイリオグループ(株),2602.T
4634,ａｒｔｉｅｎｃｅ(株),4634.T
4478,フリー(株),4478.T
7740,(株)タムロン,7740.T
4521,科研製薬(株),4521.T
9025,鴻池運輸(株),9025.T
3222,ユナイテッド・スーパーマーケット・ホールディングス(株),3222.T
3296,日本リート投資法人,3296.T
8698,マネックスグループ(株),8698.T
8566,リコーリース(株),8566.T
8278,(株)フジ,8278.T
8585,(株)オリエントコーポレーション,8585.T
6366,千代田化工建設(株),6366.T
8130,(株)サンゲツ,8130.T
2124,ＪＡＣ　Ｒｅｃｒｕｉｔｍｅｎｔ,2124.T
4045,東亞合成(株),4045.T
1946,(株)トーエネック,1946.T
7148,(株)ＦＰＧ,7148.T
7716,(株)ナカニシ,7716.T
9956,(株)バローホールディングス,9956.T
7616,(株)コロワイド,7616.T
5384,(株)フジミインコーポレーテッド,5384.T
8386,(株)百十四銀行,8386.T
3498,霞ヶ関キャピタル(株),3498.T
7864,(株)フジシールインターナショナル,7864.T
7250,太平洋工業(株),7250.T
7476,アズワン(株),7476.T
5482,愛知製鋼(株),5482.T
6407,ＣＫＤ(株),6407.T
8218,(株)コメリ,8218.T
4095,日本パーカライジング(株),4095.T
4722,フューチャー(株),4722.T
4553,東和薬品(株),4553.T
2337,いちご(株),2337.T
4544,Ｈ．Ｕ．グループホールディングス(株),4544.T
2659,(株)サンエー,2659.T
6472,ＮＴＮ(株),6472.T
1377,(株)サカタのタネ,1377.T
6632,(株)ＪＶＣケンウッド,6632.T
7806,(株)ＭＴＧ,7806.T
1934,(株)ユアテック,1934.T
8584,(株)ジャックス,8584.T
2121,(株)ＭＩＸＩ,2121.T
8361,(株)大垣共立銀行,8361.T
8367,(株)南都銀行,8367.T
7296,(株)エフ・シー・シー,7296.T
1950,日本電設工業(株),1950.T
8966,平和不動産リート投資法人,8966.T
7956,ピジョン(株),7956.T
3481,三菱地所物流リート投資法人,3481.T
1333,マルハニチロ(株),1333.T
8987,ジャパンエクセレント投資法人,8987.T
7981,タカラスタンダード(株),7981.T
9948,(株)アークス,9948.T
7846,(株)パイロットコーポレーション,7846.T
4023,(株)クレハ,4023.T
8957,東急リアル・エステート投資法人,8957.T
1766,東建コーポレーション(株),1766.T
9861,(株)吉野家ホールディングス,9861.T
6412,(株)平和,6412.T
8098,稲畑産業(株),8098.T
8154,加賀電子(株),8154.T
7817,パラマウントベッドホールディングス(株),7817.T
4107,伊勢化学工業(株),4107.T
6013,(株)タクマ,6013.T
7744,ノーリツ鋼機(株),7744.T
4041,日本曹達(株),4041.T
2001,(株)ニップン,2001.T
9682,(株)ＤＴＳ,9682.T
9505,北陸電力(株),9505.T
8956,NTT都市開発リート投資法人,8956.T
8544,(株)京葉銀行,8544.T
4784,ＧＭＯインターネット(株),4784.T
3569,セーレン(株),3569.T
4665,(株)ダスキン,4665.T
6736,サン電子(株),6736.T
9936,(株)王将フードサービス,9936.T
8628,松井証券(株),8628.T
5451,(株)ヨドコウ,5451.T
8066,三谷商事(株),8066.T
4547,キッセイ薬品工業(株),4547.T
9746,(株)ＴＫＣ,9746.T
4587,ペプチドリーム(株),4587.T
5301,東海カーボン(株),5301.T
8273,(株)イズミ,8273.T
6136,ＯＳＧ,6136.T
3105,日清紡ホールディングス(株),3105.T
8370,(株)紀陽銀行,8370.T
4443,Ｓａｎｓａｎ(株),4443.T
8714,(株)池田泉州ホールディングス,8714.T
3186,(株)ネクステージ,3186.T
8133,伊藤忠エネクス(株),8133.T
7947,(株)エフピコ,7947.T
9031,西日本鉄道(株),9031.T
8848,(株)レオパレス２１,8848.T
8522,(株)名古屋銀行,8522.T
2317,(株)システナ,2317.T
9509,北海道電力(株),9509.T
7313,テイ・エス　テック(株),7313.T
7205,日野自動車(株),7205.T
3148,(株)クリエイトＳＤホールディングス,3148.T
4368,扶桑化学工業(株),4368.T
1979,(株)大気社,1979.T
2201,森永製菓(株),2201.T
9869,加藤産業(株),9869.T
6890,(株)フェローテック,6890.T
2270,雪印メグミルク(株),2270.T
6925,ウシオ電機(株),6925.T
7389,(株)あいちフィナンシャルグループ,7389.T
8381,(株)山陰合同銀行,8381.T
7242,カヤバ(株),7242.T
7994,(株)オカムラ,7994.T
8194,(株)ライフコーポレーション,8194.T
6590,芝浦メカトロニクス(株),6590.T
3591,(株)ワコールホールディングス,3591.T
6457,グローリー(株),6457.T
4061,デンカ(株),4061.T
4206,アイカ工業(株),4206.T
2730,(株)エディオン,2730.T
9627,(株)アインホールディングス,9627.T
6103,オークマ(株),6103.T
1885,東亜建設工業(株),1885.T
8022,ミズノ(株),8022.T
3050,ＤＣＭホールディングス(株),3050.T
6371,(株)椿本チエイン,6371.T
1833,(株)奥村組,1833.T
1820,西松建設(株),1820.T
6622,(株)ダイヘン,6622.T
3994,(株)マネーフォワード,3994.T
2127,(株)日本Ｍ＆Ａセンターホールディングス,2127.T
6814,古野電気(株),6814.T
4483,(株)ＪＭＤＣ,4483.T
8919,(株)カチタス,8919.T
6951,日本電子(株),6951.T
4617,中国塗料(株),4617.T
6508,(株)明電舎,6508.T
9616,(株)共立メンテナンス,9616.T
6744,能美防災(株),6744.T
7014,(株)名村造船所,7014.T
3360,シップヘルスケアホールディングス(株),3360.T
5857,ＡＲＥホールディングス(株),5857.T
2811,カゴメ(株),2811.T
7380,(株)十六フィナンシャルグループ,7380.T
8086,ニプロ(株),8086.T
7867,(株)タカラトミー,7867.T
6871,(株)日本マイクロニクス,6871.T
4373,シンプレクス・ホールディングス(株),4373.T
3295,ヒューリックリート投資法人,3295.T
8964,フロンティア不動産投資法人,8964.T
3282,コンフォリア・レジデンシャル投資法人,3282.T
3401,帝人(株),3401.T
1941,(株)中電工,1941.T
2593,(株)伊藤園,2593.T
9436,沖縄セルラー電話(株),9436.T
8876,(株)リログループ,8876.T
1861,(株)熊谷組,1861.T
8850,スターツコーポレーション(株),8850.T
4966,上村工業(株),4966.T
8242,エイチ・ツー・オー　リテイリング(株),8242.T
4208,ＵＢＥ(株),4208.T
5191,住友理工(株),5191.T
7173,(株)東京きらぼしフィナンシャルグループ,7173.T
268A,リガク・ホールディングス(株),268A.T
8986,大和証券リビング投資法人,8986.T
4272,日本化薬(株),4272.T
4887,サワイグループホールディングス(株),4887.T
3697,(株)ＳＨＩＦＴ,3697.T
8515,アイフル(株),8515.T
3107,ダイワボウホールディングス(株),3107.T
6135,(株)牧野フライス製作所,6135.T
7278,(株)エクセディ,7278.T
9303,(株)住友倉庫,9303.T
2782,(株)セリア,2782.T
9003,相鉄ホールディングス(株),9003.T
9744,(株)メイテックグループホールディングス,9744.T
8961,森トラストリート投資法人,8961.T
8282,(株)ケーズホールディングス,8282.T
6995,(株)東海理化,6995.T
6507,シンフォニアテクノロジー(株),6507.T
1414,ショーボンドホールディングス(株),1414.T
6849,日本光電,6849.T
3234,森ヒルズリート投資法人,3234.T
2222,寿スピリッツ(株),2222.T
3466,ラサールロジポート投資法人,3466.T
8967,日本ロジスティクスファンド投資法人,8967.T
429A,テクセンドフォトマスク(株),429A.T
6960,フクダ電子(株),6960.T
7581,(株)サイゼリヤ,7581.T
2810,ハウス食品グループ本社(株),2810.T
9934,因幡電機産業(株),9934.T
5032,ＡＮＹＣＯＬＯＲ(株),5032.T
8368,(株)百五銀行,8368.T
4114,(株)日本触媒,4114.T
4046,(株)大阪ソーダ,4046.T
3292,イオンリート投資法人,3292.T
4118,(株)カネカ,4118.T
9302,三井倉庫ホールディングス(株),9302.T
6787,(株)メイコー,6787.T
8020,兼松(株),8020.T
4043,(株)トクヤマ,4043.T
6952,カシオ計算機(株),6952.T
7906,ヨネックス(株),7906.T
6754,アンリツ(株),6754.T
6436,アマノ(株),6436.T
8078,阪和興業(株),8078.T
4927,(株)ポーラ・オルビスホールディングス,4927.T
9759,(株)ＮＳＤ,9759.T
8283,(株)ＰＡＬＴＡＣ,8283.T
3048,(株)ビックカメラ,3048.T
4540,(株)ツムラ,4540.T
1417,(株)ミライト・ワン,1417.T
8050,セイコーグループ(株),8050.T
6544,ジャパンエレベーターサービスホールディングス(株),6544.T
6454,マックス(株),6454.T
9507,四国電力(株),9507.T
1961,三機工業(株),1961.T
7762,シチズン時計(株),7762.T
7966,リンテック(株),7966.T
2432,(株)ディー・エヌ・エー,2432.T
2607,不二製油(株),2607.T
3941,レンゴー(株),3941.T
4680,(株)ラウンドワン,4680.T
2531,宝ホールディングス(株),2531.T
4530,久光製薬(株),4530.T
9048,名古屋鉄道(株),9048.T
8524,(株)北洋銀行,8524.T
4922,(株)コーセー,4922.T
5805,ＳＷＣＣ(株),5805.T
4686,(株)ジャストシステム,4686.T
3387,(株)クリエイト・レストランツ・ホールディングス,3387.T
2296,伊藤ハム米久ホールディングス(株),2296.T
6728,(株)アルバック,6728.T
141A,(株)トライアルホールディングス,141A.T
6432,(株)竹内製作所,6432.T
9044,南海電気鉄道(株),9044.T
2264,森永乳業(株),2264.T
3279,アクティビア・プロパティーズ投資法人,3279.T
6324,(株)ハーモニック・ドライブ・システムズ,6324.T
8174,日本瓦斯(株),8174.T
3226,三井不動産アコモデーションファンド投資法人,3226.T
9069,センコーグループホールディングス(株),9069.T
1719,安藤ハザマ,1719.T
8358,スルガ銀行(株),8358.T
4902,コニカミノルタ(株),4902.T
6134,(株)ＦＵＪＩ,6134.T
8129,東邦ホールディングス(株),8129.T
1949,住友電設(株),1949.T
8304,(株)あおぞら銀行,8304.T
1980,ダイダン(株),1980.T
5471,大同特殊鋼(株),5471.T
9418,(株)Ｕ－ＮＥＸＴ　ＨＯＬＤＩＮＧＳ,9418.T
8976,大和証券オフィス投資法人,8976.T
4666,パーク２４(株),4666.T
3549,(株)クスリのアオキホールディングス,3549.T
8410,(株)セブン銀行,8410.T
9045,京阪ホールディングス(株),9045.T
6323,ローツェ(株),6323.T
417A,(株)ブルーゾーンホールディングス,417A.T
4631,ＤＩＣ(株),4631.T
7419,(株)ノジマ,7419.T
9409,(株)テレビ朝日ホールディングス,9409.T
5463,丸一鋼管(株),5463.T
6592,マブチモーター(株),6592.T
6005,三浦工業(株),6005.T
1332,(株)ニッスイ,1332.T
5741,(株)ＵＡＣＪ,5741.T
4202,(株)ダイセル,4202.T
6141,ＤＭＧ森精機(株),6141.T
2206,江崎グリコ(株),2206.T
6674,(株)ジーエス・ユアサ　コーポレーション,6674.T
3397,(株)トリドールホールディングス,3397.T
3923,(株)ラクス,3923.T
3309,積水ハウス・リート投資法人,3309.T
8570,イオンフィナンシャルサービス(株),8570.T
8088,岩谷産業(株),8088.T
9504,中国電力(株),9504.T
6526,(株)ソシオネクスト,6526.T
3249,産業ファンド投資法人,3249.T
4205,日本ゼオン(株),4205.T
3110,日東紡,3110.T
8424,芙蓉総合リース(株),8424.T
8111,(株)ゴールドウイン,8111.T
9336,大栄環境(株),9336.T
3471,三井不動産ロジスティクスパーク投資法人,3471.T
2726,(株)パルグループホールディングス,2726.T
2229,カルビー(株),2229.T
4401,(株)ＡＤＥＫＡ,4401.T
8366,(株)滋賀銀行,8366.T
8425,みずほリース(株),8425.T
1662,石油資源開発(株),1662.T
6770,アルプスアルパイン(株),6770.T
1860,戸田建設(株),1860.T
9605,東映(株),9605.T
4967,小林製薬(株),4967.T
9706,日本空港ビルデング(株),9706.T
8012,長瀬産業(株),8012.T
4516,日本新薬(株),4516.T
9006,京浜急行電鉄(株),9006.T
9449,ＧＭＯインターネットグループ(株),9449.T
5714,ＤＯＷＡホールディングス(株),5714.T
7984,コクヨ(株),7984.T
4681,リゾートトラスト(株),4681.T
3132,マクニカホールディングス(株),3132.T
8955,日本プライムリアルティ投資法人,8955.T
4194,ビジョナル(株),4194.T
1893,五洋建設(株),1893.T
7164,全国保証(株),7164.T
4613,関西ペイント(株),4613.T
8985,ジャパン・ホテル・リート投資法人,8985.T
6976,太陽誘電(株),6976.T
7729,(株)東京精密,7729.T
9072,ニッコンホールディングス(株),9072.T
9076,セイノーホールディングス(株),9076.T
2371,(株)カカクコム,2371.T
3436,(株)ＳＵＭＣＯ,3436.T
5393,ニチアス(株),5393.T
6406,フジテック(株),6406.T
5711,三菱マテリアル(株),5711.T
9987,(株)スズケン,9987.T
6268,ナブテスコ(株),6268.T
9301,三菱倉庫(株),9301.T
5233,太平洋セメント(株),5233.T
7327,(株)第四北越フィナンシャルグループ,7327.T
5832,(株)ちゅうぎんフィナンシャルグループ,5832.T
7240,ＮＯＫ(株),7240.T
2433,(株)博報堂ＤＹホールディングス,2433.T
7189,(株)西日本フィナンシャルホールディングス,7189.T
7180,(株)九州フィナンシャルグループ,7180.T
9533,東邦ガス(株),9533.T
9468,(株)ＫＡＤＯＫＡＷＡ,9468.T
2784,アルフレッサ　ホールディングス(株),2784.T
6923,スタンレー電気(株),6923.T
3116,トヨタ紡織(株),3116.T
6471,日本精工(株),6471.T
4912,ライオン(株),4912.T
9065,山九(株),9065.T
9831,(株)ヤマダホールディングス,9831.T
9008,京王電鉄(株),9008.T
6481,ＴＨＫ(株),6481.T
1963,日揮ホールディングス(株),1963.T
4980,デクセリアルズ(株),4980.T
3405,(株)クラレ,3405.T
4203,住友ベークライト(株),4203.T
2871,(株)ニチレイ,2871.T
3269,アドバンス・レジデンス投資法人,3269.T
7337,(株)ひろぎんホールディングス,7337.T
3350,(株)メタプラネット,3350.T
8418,(株)山口フィナンシャルグループ,8418.T
6753,シャープ(株),6753.T
7988,(株)ニフコ,7988.T
4385,(株)メルカリ,4385.T
4812,(株)電通総研,4812.T
8963,インヴィンシブル投資法人,8963.T
5344,(株)ＭＡＲＵＷＡ,5344.T
4088,エア・ウォーター(株),4088.T
9001,東武鉄道(株),9001.T
6302,住友重機械工業(株),6302.T
9989,(株)サンドラッグ,9989.T
7282,豊田合成(株),7282.T
8233,(株)高島屋,8233.T
1951,エクシオグループ(株),1951.T
3774,(株)インターネットイニシアティブ,3774.T
6965,浜松ホトニクス(株),6965.T
4536,参天製薬(株),4536.T
7564,(株)ワークマン,7564.T
2579,コカ・コーラ　ボトラーズジャパンホールディングス(株),2579.T
5938,(株)ＬＩＸＩＬ,5938.T
9364,(株)上組,9364.T
6460,セガサミーホールディングス(株),6460.T
1959,(株)クラフティア,1959.T
7951,ヤマハ(株),7951.T
4626,太陽ホールディングス(株),4626.T
7211,三菱自動車(株),7211.T
7003,(株)三井Ｅ＆Ｓ,7003.T
5214,日本電気硝子(株),5214.T
2002,(株)日清製粉グループ本社,2002.T
8056,ＢＩＰＲＯＧＹ(株),8056.T
6473,(株)ジェイテクト,6473.T
8377,(株)ほくほくフィナンシャルグループ,8377.T
5631,(株)日本製鋼所,5631.T
9041,近鉄グループホールディングス(株),9041.T
9513,Ｊ－ＰＯＷＥＲ,9513.T
6368,オルガノ(株),6368.T
7731,(株)ニコン,7731.T
9506,東北電力(株),9506.T
5947,リンナイ(株),5947.T
5991,ニッパツ,5991.T
5076,インフロニア・ホールディングス(株),5076.T
4816,東映アニメーション(株),4816.T
8954,オリックス不動産投資法人,8954.T
8341,(株)七十七銀行,8341.T
8960,ユナイテッド・アーバン投資法人,8960.T
1721,コムシスホールディングス(株),1721.T
5901,東洋製罐グループホールディングス(株),5901.T
8252,(株)丸井グループ,8252.T
4182,三菱ガス化学(株),4182.T
3086,Ｊ．フロント　リテイリング(株),3086.T
7459,(株)メディパルホールディングス,7459.T
6806,ヒロセ電機(株),6806.T
4527,ロート製薬(株),4527.T
6113,(株)アマダ,6113.T
9412,(株)スカパーＪＳＡＴホールディングス,9412.T
2809,キユーピー(株),2809.T
9007,小田急電鉄(株),9007.T
9142,九州旅客鉄道(株),9142.T
2501,サッポロホールディングス(株),2501.T
2331,ＡＬＳＯＫ(株),2331.T
1969,高砂熱学工業(株),1969.T
3635,(株)コーエーテクモホールディングス,3635.T
3349,(株)コスモス薬品,3349.T
5110,住友ゴム工業(株),5110.T
8984,大和ハウスリート投資法人,8984.T
4733,(株)オービックビジネスコンサルタント,4733.T
5801,古河電気工業(株),5801.T
6417,(株)ＳＡＮＫＹＯ,6417.T
6856,(株)堀場製作所,6856.T
5444,大和工業(株),5444.T
9009,京成電鉄(株),9009.T
2181,パーソルホールディングス(株),2181.T
4751,(株)サイバーエージェント,4751.T
2670,(株)エービーシー・マート,2670.T
2282,日本ハム(株),2282.T
5021,コスモエネルギーホールディングス(株),5021.T
5105,ＴＯＹＯ　ＴＩＲＥ(株),5105.T
3291,飯田グループホールディングス(株),3291.T
7649,スギホールディングス(株),7649.T
8334,(株)群馬銀行,8334.T
3281,ＧＬＰ投資法人,3281.T
5332,ＴＯＴＯ(株),5332.T
9962,(株)ミスミグループ本社,9962.T
8972,KDX不動産投資法人,8972.T
4186,東京応化工業(株),4186.T
7276,(株)小糸製作所,7276.T
4005,住友化学(株),4005.T
4021,日産化学(株),4021.T
6370,栗田工業(株),6370.T
6724,セイコーエプソン(株),6724.T
8804,東京建物(株),8804.T
8060,キヤノンマーケティングジャパン(株),8060.T
2212,山崎製パン(株),2212.T
4042,東ソー(株),4042.T
8572,アコム(株),8572.T
4403,日油(株),4403.T
7261,マツダ(株),7261.T
3769,ＧＭＯペイメントゲートウェイ(株),3769.T
6465,ホシザキ(株),6465.T
6845,アズビル(株),6845.T
3283,日本プロロジスリート投資法人,3283.T
4183,三井化学(株),4183.T
7752,(株)リコー,7752.T
9064,ヤマトホールディングス(株),9064.T
8227,(株)しまむら,8227.T
3197,(株)すかいらーくホールディングス,3197.T
9508,九州電力(株),9508.T
6269,三井海洋開発(株),6269.T
8253,(株)クレディセゾン,8253.T
7747,朝日インテック(株),7747.T
5406,(株)神戸製鋼所,5406.T
3462,野村不動産マスターファンド投資法人,3462.T
6448,ブラザー工業(株),6448.T
6645,オムロン(株),6645.T
9147,ＮＩＰＰＯＮ　ＥＸＰＲＥＳＳホールディングス(株),9147.T
2267,(株)ヤクルト本社,2267.T
5830,(株)いよぎんホールディングス,5830.T
2327,日鉄ソリューションズ(株),2327.T
8359,(株)八十二銀行,8359.T
4732,(株)ユー・エス・エス,4732.T
4676,(株)フジ・メディア・ホールディングス,4676.T
6963,ローム(株),6963.T
2702,日本マクドナルドホールディングス(株),2702.T
3861,王子ホールディングス(株),3861.T
3099,(株)三越伊勢丹ホールディングス,3099.T
3231,野村不動産ホールディングス(株),3231.T
2897,日清食品ホールディングス(株),2897.T
3563,(株)ＦＯＯＤ　＆　ＬＩＦＥ　ＣＯＭＰＡＮＩＥＳ,3563.T
8953,日本都市ファンド投資法人,8953.T
4324,(株)電通グループ,4324.T
9023,東京地下鉄(株),9023.T
4506,住友ファーマ(株),4506.T
5929,三和ホールディングス(株),5929.T
8952,ジャパンリアルエステイト投資法人,8952.T
1808,(株)長谷工コーポレーション,1808.T
4911,(株)資生堂,4911.T
9143,ＳＧホールディングス(株),9143.T
9401,(株)ＴＢＳホールディングス,9401.T
2269,明治ホールディングス(株),2269.T
8354,(株)ふくおかフィナンシャルグループ,8354.T
4704,トレンドマイクロ(株),4704.T
1911,住友林業(株),1911.T
6869,シスメックス(株),6869.T
5706,三井金属(株),5706.T
9042,阪急阪神ホールディングス(株),9042.T
5333,日本ガイシ(株),5333.T
1942,(株)関電工,1942.T
8303,(株)ＳＢＩ新生銀行,8303.T
6988,日東電工(株),6988.T
7270,(株)ＳＵＢＡＲＵ,7270.T
6326,(株)クボタ,6326.T
6920,レーザーテック(株),6920.T
5020,ＥＮＥＯＳホールディングス(株),5020.T
285A,キオクシアホールディングス(株),285A.T
8439,東京センチュリー(株),8439.T
6305,日立建機(株),6305.T
7167,(株)めぶきフィナンシャルグループ,7167.T
5844,(株)京都フィナンシャルグループ,5844.T
6532,(株)ベイカレント,6532.T
9501,東京電力ホールディングス(株),9501.T
2768,双日(株),2768.T
9404,日本テレビホールディングス(株),9404.T
3289,東急不動産ホールディングス(株),3289.T
1878,大東建託(株),1878.T
9684,(株)スクウェア・エニックス・ホールディングス,9684.T
3038,(株)神戸物産,3038.T
5101,横浜ゴム(株),5101.T
3288,(株)オープンハウスグループ,3288.T
6525,(株)ＫＯＫＵＳＡＩ　ＥＬＥＣＴＲＩＣ,6525.T
4528,小野薬品工業(株),4528.T
4004,(株)レゾナック・ホールディングス,4004.T
4204,積水化学工業(株),4204.T
9005,東急(株),9005.T
5201,ＡＧＣ(株),5201.T
3088,(株)マツキヨココカラ＆カンパニー,3088.T
8729,ソニーフィナンシャルグループ(株),8729.T
3064,(株)ＭｏｎｏｔａＲＯ,3064.T
7272,ヤマハ発動機(株),7272.T
3092,(株)ＺＯＺＯ,3092.T
6506,(株)安川電機,6506.T
2875,東洋水産(株),2875.T
5838,楽天銀行(株),5838.T
8951,日本ビルファンド投資法人,8951.T
7735,(株)ＳＣＲＥＥＮホールディングス,7735.T
4768,(株)大塚商会,4768.T
5411,ＪＦＥホールディングス(株),5411.T
3626,ＴＩＳ(株),3626.T
3391,(株)ツルハホールディングス,3391.T
9201,日本航空(株),9201.T
7701,(株)島津製作所,7701.T
4188,三菱ケミカルグループ(株),4188.T
8136,(株)サンリオ,8136.T
3003,ヒューリック(株),3003.T
4523,エーザイ(株),4523.T
1944,(株)きんでん,1944.T
6586,(株)マキタ,6586.T
6479,ミネベアミツミ(株),6479.T
5334,日本特殊陶業(株),5334.T
4151,協和キリン(株),4151.T
6841,横河電機(株),6841.T
9107,川崎汽船(株),9107.T
8331,(株)千葉銀行,8331.T
2413,エムスリー(株),2413.T
5831,(株)しずおかフィナンシャルグループ,5831.T
9021,西日本旅客鉄道(株),9021.T
2801,キッコーマン(株),2801.T
7911,ＴＯＰＰＡＮホールディングス(株),7911.T
7912,大日本印刷(株),7912.T
7309,(株)シマノ,7309.T
9202,ＡＮＡホールディングス(株),9202.T
9024,(株)西武ホールディングス,9024.T
9602,東宝(株),9602.T
7550,(株)ゼンショーホールディングス,7550.T
7186,(株)横浜フィナンシャルグループ,7186.T
2587,サントリー食品インターナショナル(株),2587.T
7201,日産自動車(株),7201.T
5019,出光興産(株),5019.T
3402,東レ(株),3402.T
5016,ＪＸ金属(株),5016.T
9843,(株)ニトリホールディングス,9843.T
4062,イビデン(株),4062.T
9104,(株)商船三井,9104.T
6504,富士電機(株),6504.T
7453,(株)良品計画,7453.T
6361,荏原,6361.T
7181,(株)かんぽ生命保険,7181.T
5713,住友金属鉱山(株),5713.T
8697,(株)日本取引所グループ,8697.T
7202,いすゞ自動車(株),7202.T
9502,中部電力(株),9502.T
9719,ＳＣＳＫ(株),9719.T
6383,(株)ダイフク,6383.T
8593,三菱ＨＣキャピタル(株),8593.T
3407,旭化成(株),3407.T
9435,(株)光通信,9435.T
1803,清水建設(株),1803.T
8795,(株)Ｔ＆Ｄホールディングス,8795.T
7012,川崎重工業(株),7012.T
4755,楽天グループ(株),4755.T
9531,東京ガス(株),9531.T
8601,(株)大和証券グループ本社,8601.T
9532,大阪ガス(株),9532.T
2503,キリンホールディングス(株),2503.T
8473,ＳＢＩホールディングス(株),8473.T
1802,(株)大林組,1802.T
7259,(株)アイシン,7259.T
1801,大成建設(株),1801.T
9503,関西電力(株),9503.T
1812,鹿島,1812.T
1928,積水ハウス(株),1928.T
5803,(株)フジクラ,5803.T
8113,ユニ・チャーム(株),8113.T
3659,(株)ネクソン,3659.T
9101,日本郵船(株),9101.T
4716,日本オラクル(株),4716.T
4507,塩野義製薬(株),4507.T
7733,オリンパス(株),7733.T
4091,日本酸素ホールディングス(株),4091.T
9697,(株)カプコン,9697.T
5802,住友電気工業(株),5802.T
7013,(株)ＩＨＩ,7013.T
9735,セコム(株),9735.T
1605,(株)ＩＮＰＥＸ,1605.T
4503,アステラス製薬(株),4503.T
4684,(株)オービック,4684.T
7936,(株)アシックス,7936.T
6971,京セラ(株),6971.T
8830,住友不動産(株),8830.T
4612,日本ペイントホールディングス(株),4612.T
8309,三井住友トラストグループ(株),8309.T
9766,コナミグループ(株),9766.T
8604,野村ホールディングス(株),8604.T
2502,アサヒグループホールディングス(株),2502.T
7532,(株)パン・パシフィック・インターナショナルホールディングス,7532.T
6762,ＴＤＫ(株),6762.T
8308,(株)りそなホールディングス,8308.T
7832,(株)バンダイナムコホールディングス,7832.T
5401,日本製鉄(株),5401.T
4452,花王(株),4452.T
1925,大和ハウス工業(株),1925.T
9022,東海旅客鉄道(株),9022.T
8015,豊田通商(株),8015.T
6594,ニデック(株),6594.T
4307,(株)野村総合研究所,4307.T
8802,三菱地所(株),8802.T
7269,スズキ(株),7269.T
6273,ＳＭＣ(株),6273.T
9020,東日本旅客鉄道(株),9020.T
6146,(株)ディスコ,6146.T
6723,ルネサスエレクトロニクス(株),6723.T
8591,オリックス(株),8591.T
6954,ファナック(株),6954.T
2802,味の素(株),2802.T
4689,ＬＩＮＥヤフー(株),4689.T
8801,三井不動産(株),8801.T
8267,イオン(株),8267.T
6752,パナソニック　ホールディングス(株),6752.T
4543,テルモ(株),4543.T
4901,富士フイルムホールディングス(株),4901.T
4578,大塚ホールディングス(株),4578.T
6178,日本郵政(株),6178.T
8630,ＳＯＭＰＯホールディングス(株),8630.T
6981,(株)村田製作所,6981.T
8750,第一生命ホールディングス(株),8750.T
5108,(株)ブリヂストン,5108.T
6301,コマツ,6301.T
8053,住友商事(株),8053.T
8002,丸紅(株),8002.T
6367,ダイキン工業(株),6367.T
6201,(株)豊田自動織機,6201.T
6701,ＮＥＣ,6701.T
7182,(株)ゆうちょ銀行,7182.T
8725,ＭＳ＆ＡＤインシュアランスグループホールディングス(株),8725.T
6902,(株)デンソー,6902.T
7741,ＨＯＹＡ(株),7741.T
7751,キヤノン(株),7751.T
3382,(株)セブン＆アイ・ホールディングス,3382.T
4661,(株)オリエンタルランド,4661.T
6503,三菱電機(株),6503.T
6857,(株)アドバンテスト,6857.T
4568,第一三共(株),4568.T
4502,武田薬品工業(株),4502.T
6702,富士通(株),6702.T
7267,ホンダ,7267.T
8031,三井物産(株),8031.T
2914,ＪＴ,2914.T
4063,信越化学工業(株),4063.T
8411,(株)みずほフィナンシャルグループ,8411.T
9433,ＫＤＤＩ(株),9433.T
9434,ソフトバンク(株),9434.T
9984,ソフトバンクグループ(株),9984.T
8035,東京エレクトロン(株),8035.T
8058,三菱商事(株),8058.T
7011,三菱重工業(株),7011.T
8001,伊藤忠商事(株),8001.T
8766,東京海上ホールディングス(株),8766.T
6098,(株)リクルートホールディングス,6098.T
4519,中外製薬(株),4519.T
6861,(株)キーエンス,6861.T
8316,(株)三井住友フィナンシャルグループ,8316.T
9432,日本電信電話(株),9432.T
7974,任天堂(株),7974.T
9983,(株)ファーストリテイリング,9983.T
6501,(株)日立製作所,6501.T
8306,(株)三菱ＵＦＪフィナンシャル・グループ,8306.T
6758,ソニーグループ(株),6758.T
7203,トヨタ自動車(株),7203.T
